titulo,tipo,ano,capa,sinopse,categoria
O Fim da Rua,Filme,2026.0,https://image.tmdb.org/t/p/w500/4kfDP13cYwCx55YP2gLGtcUFZlC.jpg,"Após um misterioso evento cósmico abalar o bairro Oak Street e o transportar dos subúrbios para um lugar desconhecido, a família Platt descobre que sua sobrevivência vai depender da união entre todos para enfrentar um ambiente agora irreconhecível.",Blockbusters & Fura-Bolha
Moana,Filme,2026.0,https://image.tmdb.org/t/p/w500/92clN62AIYMOAKaSlkJyZmGQM4R.jpg,"Na Polinésia Antiga, quando uma terrível maldição contraída por Maui chega à ilha de um impetuoso chefe, sua filha obstinada responde ao chamado do Oceano para procurar o semideus e consertar as coisas. Adaptação live-action do filme de animação da Disney de 2016 'Moana'",Comfort Movies
Lanternas,Série,2026.0,https://image.tmdb.org/t/p/w500/wiF1C97GuJEOBSKWrtub517THjF.jpg,"Dois policiais intergalácticos, o recruta novato John Stewart e o lendário Lanterna Verde Hal Jordan, se veem envolvidos em um mistério sombrio que se passa na Terra enquanto investigam um assassinato no coração dos Estados Unidos.",Terror
Homem-Aranha: Um Novo Dia,Filme,2026.0,https://image.tmdb.org/t/p/w500/x0nvYzQpyJc5pdT9lMnkMuYAg0O.jpg,"É um novo dia para Peter Parker. Combatendo o crime em tempo integral como Homem-Aranha em um mundo que não se lembra mais dele e lidando com a pressão de ver seus antigos amigos seguirem em frente sem sua presença, Peter passa por uma mudança que talvez nem ele tenha o poder de controlar. Mas essa transformação também pode ser a única coisa capaz de deter uma surpreendente nova ameaça à cidade e às pessoas que ele ama: um poderoso vilão que ninguém sequer consegue enxergar.",Universo Marvel (MCU)
A Odisseia,Filme,2026.0,https://image.tmdb.org/t/p/w500/muMwJAiMtReEHLKpKMWt2rMkYF7.jpg,"Acompanhe o rei grego Odisseu em sua perigosa jornada de 20 anos para voltar a Ítaca após a Guerra de Troia, enfrentando monstros e deuses enquanto sua esposa Penélope resiste em seu reino.",Terror
Mayday,Filme,2026.0,https://image.tmdb.org/t/p/w500/hVXjX1jLZ1ljFSNGXpjJfbTUOa7.jpg,"Quando um piloto da Marinha dos EUA, em uma missão ultrassecreta durante a Guerra Fria, fica preso em território inimigo, sua única chance de sobreviver é formar uma aliança com um excêntrico ex-agente da KGB.",Ação
Resident Evil,Filme,2026.0,https://image.tmdb.org/t/p/w500/gQ76UL64RQe3oHwiwHwODTC23g4.jpg,"Bryan, um tranquilo entregador de órgãos, é enviado para uma entrega noturna no Hospital Geral de Raccoon City. No caminho por uma estrada montanhosa coberta de neve, ele acidentalmente atropela uma mulher desconhecida. Ela sobrevive, mas algo está muito errado. Ao tentar ajudar, Bryan se depara com um surto em larga escala envolvendo mutações horríveis com tentáculos e monstruosidades bioengenheiradas.",Terror
Silo,Série,2023.0,https://image.tmdb.org/t/p/w500/tVR4q9FazxJuCEpaYxiCijUlvM3.jpg,"Em um futuro destruído e tóxico, existe uma comunidade que vive dentro de um gigantesco silo subterrâneo com centenas de andares de profundidade. Lá, homens e mulheres vivem numa sociedade cheia de regras que acreditam existir para protegê-los.",Ficção Científica
Reacher,Série,2022.0,https://image.tmdb.org/t/p/w500/f1VCQIG2iCyOookdgOzwtUpwWC0.jpg,"Quando o policial militar aposentado Jack Reacher é preso por um assassinato que não cometeu, ele se vê no meio de uma trama mortal cheia de policiais corruptos, empresários obscuros e políticos conspiradores. Só com sua inteligência, ele precisa descobrir o que está havendo em Margrave, Geórgia.",Ação
Bleach,Série,2004.0,https://image.tmdb.org/t/p/w500/dx28DE7EgLy0FatOvnaUg0k9j92.jpg,"Ichigo Kurosaki, um adolescente de quinze anos, nunca pediu o dom de ver fantasmas — ele simplesmente nasceu com essa habilidade. Quando sua família é atacada por um Hollow, uma alma perdida e maligna, Ichigo conhece Rukia, uma Ceifeira de Almas que acaba lhe transferindo seus poderes. A partir desse momento, Ichigo passa a dedicar sua vida a proteger os inocentes e ajudar almas atormentadas a encontrar a paz.",Terror
Da Magia à Sedução: Feitiço de Amor,Filme,2026.0,https://image.tmdb.org/t/p/w500/uoJvqWGs4702jnqOwe8RABSxT3L.jpg,"O tempo passou, mas Sally e Gillian ainda são assombradas pela maldição do clã Owen, que todos que amam acabam morrendo. Agora, as duas devem confrontar poderes que ameaçam acabar com sua família de uma vez por todas.",Romance
Coyote vs. Acme,Filme,2026.0,https://image.tmdb.org/t/p/w500/fqnp3doSeUFLGUFIolHVPA41O4E.jpg,"Após décadas de falhas catastróficas com os produtos ACME em sua caçada ao Papa-Léguas, Wile E. Coyote decide que é hora de buscar justiça e processar a corporação. Ao lado de um advogado azarado, Coyote trava uma batalha jurídica épica contra o impiedoso CEO da companhia. Enquanto enfrentam o sistema, a dupla desenvolve uma amizade improvável e luta para provar que a culpa de tantos desastres nunca foi do instinto, mas sim de defeitos de fabricação.",Ação
Desaparecida,Série,2026.0,https://image.tmdb.org/t/p/w500/hWLzO9fUFOaePehHYnCm4y0YnQA.jpg,"Quando o despachante de emergência, Ian Ridley, recebe uma ligação de uma adolescente exasperada que ele acredita ser sua filha desaparecida, nada pode impedi-lo de encontrá-la.",Ação
Obsessão,Filme,2026.0,https://image.tmdb.org/t/p/w500/wUc6IDf5ChjM1UyQye21qFBeJY0.jpg,"Sem grandes pretensões, um romântico incurável compra um brinquedo que promete realizar desejos únicos. Ele quebra o artefato misterioso enquanto pede para conquistar a crush e consegue exatamente o que desejava, mas descobre que a consequência é sinistra.",Blockbusters & Fura-Bolha
Só por Uma Noite,Filme,2026.0,https://image.tmdb.org/t/p/w500/61fSMjhMoBgoXvKOlz3AvMM6CHT.jpg,"Allie e Owen são dois desconhecidos que se encontram em Nova York na única noite do ano em que relações sexuais são permitidas por lei. Abandonados por seus parceiros, a busca deles por conexão emocional toma rumos inesperados",Blockbusters & Fura-Bolha
Lioness,Série,2023.0,https://image.tmdb.org/t/p/w500/5OeI0zcsoux6VNNQzGjvDO11gHA.jpg,"Joe, uma agente da CIA, tenta conciliar a maternidade com o comando de uma equipe secreta em missões perigosas ao enviar a nova recruta Cruz Manuelos para a linha de frente. Inspirado por um programa militar americano, Lioness segue as agentes na perigosa missão secreta para impedir o próximo 11 de setembro.",Ação
Código: Vingança,Filme,2026.0,https://image.tmdb.org/t/p/w500/gVZgjKIsXZOT3cNZm5PJZBtQRaG.jpg,"Após testemunhar o assassinato de seu chefe bilionário e ser injustamente incriminado pelo crime, Cole Reed embarca em um navio cargueiro em uma cruzada solitária para vingar a morte do chefe. No entanto, à medida que avança em sua missão, ele descobre que está no centro de uma perigosa conspiração internacional.",Terror
Atraídos Pelo Destino,Filme,2026.0,https://image.tmdb.org/t/p/w500/99OB0p7ah8wyTphLHrghSJXtmr5.jpg,"Marfil, filha de um empresário espanhol, vê sua vida em Nova York virar de cabeça para baixo quando é sequestrada e libertada sem nenhuma explicação. O pai dela contrata Sebastián Moore para ser seu guarda-costas e, forçados a passar cada minuto do dia juntos, uma atração inevitável surge entre eles em um mundo onde nada é o que parece. Baseado no livro de Mercedes Ron, autora da saga ""Culpados"".",Ação
Made in Korea,Série,2025.0,https://image.tmdb.org/t/p/w500/uJwXkGYsHoDcgjuXrq08Udne3yR.jpg,"Na Coreia do Sul da década de 1970, um homem que busca o auge da riqueza e do poder vive uma vida dupla: agente da KCIA de dia e perigoso homem de negócios à noite. Determinado e imbatível, ele acaba se deparando com um promotor perspicaz que está disposto a arriscar tudo para derrubá-lo.",Ação
Magnatas do Crime,Série,2024.0,https://image.tmdb.org/t/p/w500/3psm58xrwPAkb7NO8nmprBESB1X.jpg,"O aristocrata Eddie herdou a propriedade da família, só para descobrir que há um império da maconha rolando lá nas terras. E os donos não vão arredar pé.",Ação
Corrida Contra o Tempo,Filme,2026.0,https://image.tmdb.org/t/p/w500/zPlBUyu9rWhVrdiRfSClwMkmQiT.jpg,"Maia Marten é uma advogada brilhante de Londres, vê a sua vida ruir com uma ligação durante sua corrida matinal que avisa que seu filho foi sequestrado. Para recuperá-lo, ela deve continuar correndo, obedecer a cada comando e não confiar em ninguém. Cada segundo desta corrida testará até onde vai uma mãe para salvar a vida do seu filho.",Ação
A Garota do Remo,Série,2026.0,https://image.tmdb.org/t/p/w500/or4ITDqz0dnd3sN9nIwuUprsRhC.jpg,"Depois de um escândalo familiar, a remadora Teagan Tao muda de cidade e entra na equipe de remo masculina de uma escola de elite, despertando rivalidades e paixões.",Blockbusters & Fura-Bolha
As Amigas do Clube,Série,2026.0,https://image.tmdb.org/t/p/w500/9QuG4F8ONb5yXUACA0x4HmTPsUK.jpg,Matthijs van de Sande Bakhuyzen e Edwin Jonker estrelam esta série dramática sobre um grupo que entra em conflito quando um deles morre.,Blockbusters & Fura-Bolha
Três Horas Para Viver,Filme,2026.0,https://image.tmdb.org/t/p/w500/3eW4KN7LJlMfKgW2wG5xOnijejf.jpg,Um transportador de elite embarca em uma missão urgente: entregar um órgão vital para salvar a vida de uma garotinha de sete anos. O que parecia ser uma tarefa objetiva logo se transforma em uma corrida frenética contra o tempo quando uma perigosa organização criminosa entra em cena para impedir o sucesso da entrega.,Ação
One Piece,Série,1999.0,https://image.tmdb.org/t/p/w500/9ltisibeD4gzqjM1AzmQwCdyirQ.jpg,"Houve um homem que conquistou tudo aquilo que o mundo tinha a oferecer, o lendário Rei dos Piratas, Gold Roger. Capturado e condenado à execução pelo Governo Mundial, suas últimas palavras lançaram legiões aos mares. ""Meu tesouro? Se quiserem, podem pegá-lo. Procurem-no! Ele contém tudo que este mundo pode oferecer!"". Foi a revelação do maior tesouro, o One Piece, cobiçado por homens de todo o mundo, sonhando com fama e riqueza imensuráveis... Assim começou a Grande Era dos Piratas!",Aventura e Fantasia
Fauda,Série,2015.0,https://image.tmdb.org/t/p/w500/lin4raUi5VEISfo8v0NC8csoVs1.jpg,"Fauda (palavra árabe para “Caos”) acompanha um grupo de agentes israelenses que trabalham disfarçados na Palestina a fim de encontrar um terrorista do Hamas, ao mesmo tempo em que mostra a trágica vida de uma família palestina que leva a um crescente ódio por Israel.",Terror
Hope: O Primeiro Impacto,Filme,2026.0,https://image.tmdb.org/t/p/w500/yDiw6WUpAdlidbQDtI09rWVvGtu.jpg,"A polícia investiga a presença de uma criatura misteriosa que vem causando tumulto na remota vila de Hope Harbor. Ao seguir os rastros do animal, um grupo de caçadores acaba se tornando sua presa involuntária, dando início a um conflito que se transforma em uma tragédia de proporções cósmicas.",Blockbusters & Fura-Bolha
Futurama,Série,1999.0,https://image.tmdb.org/t/p/w500/vC4gvBWA7hAvUl5ITh2tx8OhmB4.jpg,"Fry era um simples entregador de pizza cuja vida parecia não ter nenhum propósito. Após ser congelado acidentalmente na véspera do Ano-Novo de 1999, ele desperta mil anos no futuro e ganha a chance de recomeçar em um mundo repleto de alienígenas e robôs.",Ficção Científica
Dix pour cent: O Filme,Filme,2026.0,https://image.tmdb.org/t/p/w500/41Yezvy8Kxr9bcwQsPR3teq4EvX.jpg,"Diante de uma série de contratempos em seu primeiro filme, Andréa pede ajuda à antiga equipe da agência ASK. Mas a turma acaba piorando ainda mais a situação.",Ação
Matéria Escura,Série,2024.0,https://image.tmdb.org/t/p/w500/mAbuZuS4CqlTI6lvWIxPRHppbVs.jpg,"Jason Dessen é sequestrado para uma versão alternativa de sua vida. Em busca de voltar para sua verdadeira família, ele embarca em uma jornada angustiante para salvá-los do inimigo mais terrível que se possa imaginar: ele mesmo.",Aventura e Fantasia
Patrulha Canina: Uma Aventura Dino,Filme,2026.0,https://image.tmdb.org/t/p/w500/zyQ0KOfyuTyBYHAQ7wl7XrrOBH2.jpg,"A Patrulha Canina para em uma misteriosa ilha de dinossauros, onde conhecem Rex, um filhote perdido. Quando a mineração imprudente de Humdinger provoca a erupção de um vulcão, a equipe enfrenta a maior missão de resgate para salvar a ilha.",Aventura e Fantasia
O Segredo de Widow's Bay,Série,2026.0,https://image.tmdb.org/t/p/w500/hazWZ75ml5Er3MQsFetIzoeWs99.jpg,"Um prefeito da Nova Inglaterra, tentando impulsionar o turismo, precisa lidar com estranhos acontecimentos que sugerem que sua ilha pode estar amaldiçoada.",Blockbusters & Fura-Bolha
The Paper,Série,2025.0,https://image.tmdb.org/t/p/w500/ySA5MvhoxTdezNUMe0ifPmhxH4w.jpg,"The Paper é uma comédia em formato mockumentary ambientada no mesmo universo de The Office. A nova série deixa os papéis de uma empresa de papel para trás e mergulha no mundo caótico de uma redação jornalística tradicional, agora à beira da falência. Em meio a cortes orçamentários, pressões por audiência digital e um jornalismo em constante transformação, os funcionários deste jornal histórico tentam manter a relevância e a sanidade no dia a dia. Com novos personagens tão excêntricos quanto os de Scranton, The Paper acompanha as desventuras de jornalistas, editores e estagiários em um ambiente de trabalho onde o absurdo é rotina e a crise é constante. Misturando humor ácido, crítica social e situações embaraçosamente reais, a série oferece uma nova perspectiva sobre o ambiente profissional e prova que, mesmo em tempos difíceis, ainda há espaço para rir do caos.",Ficção Científica
Toy Story 5,Filme,2026.0,https://image.tmdb.org/t/p/w500/sssrBhdvDcczgMQYDc8oCoSuFEJ.jpg,"O trabalho de Buzz, Woody, Jessie e do resto da gangue fica exponencialmente mais difícil quando eles enfrentam uma nova ameaça à diversão: a tecnologia.",Comfort Movies
Ted Lasso,Série,2020.0,https://image.tmdb.org/t/p/w500/uRHsiw1wLxPHFXkkv4Ix1s0O6f4.jpg,"Ted Lasso, um técnico de futebol americano que se muda para a Inglaterra para treinar um time de futebol, apesar da falta de experiência. Com jogadores e cidade desconfiados, será que ele vai conseguir conquistá-los?",Blockbusters & Fura-Bolha
Por Que Eu Me Casei de Novo?,Filme,2026.0,https://image.tmdb.org/t/p/w500/bHMtdZFZztcAE5uHHhsY2pWRPB9.jpg,"Os casais se reencontram para o matrimônio da filha de Marcus e Angela, trazendo à tona dramas novos e antigos. Por que será que essa turma se casou, hein?",Blockbusters & Fura-Bolha
The Rivals of Amziah King,Filme,2026.0,https://image.tmdb.org/t/p/w500/gNJ1ETFktNGHskihuToVGWYC3mC.jpg,,Blockbusters & Fura-Bolha
Backrooms: Um Não-Lugar,Filme,2026.0,https://image.tmdb.org/t/p/w500/a1pgQeEge47xrS4jGlDwIHiieVK.jpg,"Em 1990, o vendedor de móveis Clark descobre em sua loja um portal para os ""Backrooms"", um labirinto infinito de escritórios surreais. Fascinado, ele convence sua funcionária Kat e o namorado dela a mapearem as anomalias do local. Após o desaparecimento de Clark, sua terapeuta, a Dra. Mary Kline, mergulha na dimensão impossível para resgatá-lo, sendo forçada a confrontar seus próprios traumas enquanto busca uma saída.",Romance
交锋,Série,2026.0,https://image.tmdb.org/t/p/w500/gRe5FZjMWw8xXzWk1hxWuNQckOg.jpg,,Blockbusters & Fura-Bolha
The Walking Dead: Dead City,Série,2023.0,https://image.tmdb.org/t/p/w500/oC4SG9TXM0C6KUoAUv76WOvQ103.jpg,"Maggie e Negan viajam para uma Manhattan pós-apocalíptica há muito isolada do continente. A cidade em ruínas está cheia de mortos e habitantes que fizeram de Nova York seu próprio mundo cheio de anarquia, perigo, beleza e terror.",Terror
A Ilha Esquecida,Filme,2026.0,https://image.tmdb.org/t/p/w500/af0DhFJCsHZuq7AHueOpTdtgHeJ.jpg,Jo e Raissa se veem presas no fantástico mundo da ilha esquecida de Nakali. Elas descobrem que seu único caminho para casa pode custar uma vida inteira de memórias e emoções.,Blockbusters & Fura-Bolha
Re:ZERO -Starting Life in Another World-,Série,2016.0,https://image.tmdb.org/t/p/w500/ccG0ZfXOQ0834bIus4SwZrXtkyM.jpg,"Natsuki Subaru, um adolescente comum, conhece uma linda garota de cabelos prateados vinda de outro mundo. Subaru quer ficar ao lado dela, mas o fardo que ela carrega é maior do que Subaru pode imaginar. Eles enfrentam o feroz ataque de monstros, traições, violência irracional... e, por fim, a morte. Subaru promete derrotar qualquer inimigo, qualquer destino, tudo para protegê-la. E assim, o pobre garoto sem poder algum obtém o ""Retorno da Morte"", uma habilidade única que permite ao usuário voltar no tempo ao morrer. Usando esse poder, o passado é perdido e as memórias são reescritas.",Terror
Digger,Filme,2026.0,https://image.tmdb.org/t/p/w500/7i5SCCAooEriurXkraQ1t2stDZx.jpg,"O homem mais poderoso do mundo embarca em uma missão frenética para provar que é o salvador da humanidade, antes que o desastre desencadeado por ele destrua tudo.",Ação
Slow Horses,Série,2022.0,https://image.tmdb.org/t/p/w500/rdNvIaPXpkUZl5tQLsTP15osfu2.jpg,"Este drama perspicaz acompanha uma equipe disfuncional de agentes da MI5 – e seu chefe arrogante, o notório Jackson Lamb – enquanto navegam os mistérios e ilusões do mundo da espionagem para proteger a Inglaterra de forças sinistras.",Ação
Devoradores de Estrelas,Filme,2026.0,https://image.tmdb.org/t/p/w500/2i8uru7rlbHKaoIbC2V4FZLT7uW.jpg,"O professor de ciências Ryland Grace acorda em uma espaçonave a anos-luz de casa, sem nenhuma lembrança de quem é ou como chegou ali. À medida que sua memória retorna, ele começa a descobrir sua missão: resolver o enigma de uma substância misteriosa que está fazendo o Sol morrer. Ele precisará recorrer ao seu conhecimento científico e a ideias nada convencionais para salvar tudo na Terra da extinção… mas uma amizade inesperada pode significar que ele não terá que fazer isso sozinho.",Ficção Científica
Supergirl,Filme,2026.0,https://image.tmdb.org/t/p/w500/lzth7xKSu8Sr9Bys6xo1ajqwgiO.jpg,"Quando um adversário implacável atinge alguém muito próximo dela, Kara Zor-El relutantemente une forças com uma companheira improvável em uma épica jornada interestelar de vingança e justiça.",Aventura e Fantasia
Minions & Monstros,Filme,2026.0,https://image.tmdb.org/t/p/w500/hTowtXrkCY7FJyoj4p91JckrJSE.jpg,"Esta é a frenética, ridícula e totalmente verdadeira história de como os Minions conquistaram Hollywood, se tornaram estrelas de cinema, perderam tudo, libertaram monstros pelo mundo e, depois, se uniram para tentar salvar o planeta do caos que eles mesmos haviam acabado de criar.",Terror
A Queda 2: No Limite,Filme,2026.0,https://image.tmdb.org/t/p/w500/xtxEvJACNnbz3WYmJ5mYT1a0KGk.jpg,"De luto pela morte de sua irmã Shiloh, Jax Hunter cria um laço com Luce, a amiga corajosa de Shiloh. Juntas, elas enfrentam a perigosa passarela suspensa do Monte Kwan, na Tailândia. Quando um deslizamento de rochas as deixa presas em uma estreita prancha a mais de 3.000 metros de altitude, Jax precisa enfrentar seus medos para sobreviver.",Terror
That Time I Got Reincarnated as a Slime,Série,2018.0,https://image.tmdb.org/t/p/w500/9YcNx1dnNkZ3PZzrMqc52WjCEcw.jpg,"Mikami Satoru, funcionário de uma megacorporação, é apunhalado por um assassino nas ruas e renasce num mundo paralelo... Mas ele renasce como um slime! Jogado neste novo mundo com o nome Rimuru, ele assume a missão de criar um mundo que seja acolhedor para todas as raças.",Terror
Against the Current,Série,2026.0,https://image.tmdb.org/t/p/w500/kfurXRMH1ZkUoyT5HN72zLTQxzZ.jpg,"Shen Jialan, neta de um nobre, vê sua vida desmoronar quando sua família é injustamente acusada de traição. Abandonada por seu noivo, Lin Jinqi, ela é obrigada a assumir a identidade de uma criada na casa dele. Apesar das dificuldades, ela se recusa a se curvar ao destino. Com determinação e inteligência, supera as barreiras de classe, conquista o coração de Lin Jinqi, ganha o respeito da família e, por fim, limpa o nome de seus familiares.",Ação
Star Trek: Strange New Worlds,Série,2022.0,https://image.tmdb.org/t/p/w500/bxuUbcM9GqvmQY1EDm5sMtLdcTv.jpg,"Em Star Trek: Strange New Worlds, o capitão Christopher Pike (Anson Mount) lidera a equipe do USS Enterprise pelos confins do universo em aventuras perigosas e intensas. Passando-se antes da trama da série original, Strange New Worlds explora mais profundamente o universo Star Trek antes da chegada do icônico Capitão Kirk (William Shatner). Pike, ainda inexperiente em liderar toda a Enterprise por conta própria, se apoia na ajuda de seus companheiros da nave, em especial Una Chin-Riley (Rebecca Romjin), segunda em comando depois dele. Além disso, ele conta a inteligência ímpar do popular personagem Spock (Ethan Peck), um alienígena meio humano meio vulcano. Os passageiros da USS Enterprise irão se aventurar por lugares inimagináveis e viverão uma jornada intensa pela galáxica, encontrando aliados fiéis, mas também fazendo inúmeros inimigos perigosos pelo caminho. Mas com o apoio de cada um, poderão completar suas missões com sucesso.",Ficção Científica
Buddy,Filme,2026.0,https://image.tmdb.org/t/p/w500/29QY0eScq4chCvZNBx3BIxNdbml.jpg,"Lembra-se do BUDDY — o unicórnio laranja-vivo e estrela daquele programa infantil clássico que levava alegria e lições de vida para a sua sala de estar? No mundo colorido de “It’s Buddy!”, um grupo de crianças passa os dias cantando, dançando e ajudando Buddy a espalhar felicidade. Mas, quando uma criança se recusa a participar da brincadeira, Buddy não gosta nada disso, e rachaduras começam a surgir nesse mundo aparentemente perfeito.",Blockbusters & Fura-Bolha
Vingadores: Doutor Destino,Filme,2026.0,https://image.tmdb.org/t/p/w500/j8ThEXgdGWYg1uWdSqygOSnlIA2.jpg,"Heróis icônicos de três universos diferentes são colocados em rota de colisão mortal e enfrentam uma ameaça existencial sem precedentes, diferente de tudo que já vivenciaram antes.",Universo Marvel (MCU)
THE GHOST IN THE SHELL,Série,2026.0,https://image.tmdb.org/t/p/w500/v6D7aBJynhY6opGugGJkofzknw6.jpg,"2029, Japão, num futuro próximo. A ciborgue Motoko Kusanagi projeta uma força-tarefa de prevenção a ameaças. Ela e sua equipe são recrutadas por Daisuke Aramaki para formar a Seção 9, ou Esquadrão Blindado. Uma conspiração internacional aponta para um hacker conhecido como Mestre dos Fantoches. Qual será o destino de Kusanagi? E a cartada final do hacker? Uma nova era da ação cyberpunk começa!",Ficção Científica
Terra da Máfia,Série,2025.0,https://image.tmdb.org/t/p/w500/89DEvnUmRAZraf84jLjtkN4SH8B.jpg,"O poder está em disputa quando duas famílias do crime se chocam numa batalha que ameaça derrubar impérios e arruinar vidas. No meio está Harry Da Souza, um ""resolvedor de problemas"" que sabe bem onde a lealdade está quando as forças opostas colidem.",Comfort Movies
Coração Selvagem,Filme,2026.0,https://image.tmdb.org/t/p/w500/n4PJa4xVo4SjIsBvTA0yGMKjTBh.jpg,Um ex-soldado ferido e seu cão de guerra aposentado lutam para sobreviver na região do Alasca e encontrar o caminho de volta para casa após um acidente aéreo na mata.,Ação
Estilhaços,Série,2026.0,https://image.tmdb.org/t/p/w500/hMkkiXVwiGcJ5yF1kcsN7LUEDXu.jpg,"Los Angeles, anos 80. Em uma escola de elite, jovens privilegiados lidam com identidade, sexo, ciúme e obsessão. Mas a fachada da adolescência americana esconde perigos que eles nem imaginam.",Blockbusters & Fura-Bolha
Mushoku Tensei: Jobless Reincarnation,Série,2021.0,https://image.tmdb.org/t/p/w500/tn2mxPYSSUPHgfcAe5SCga1DO0i.jpg,"Quando um fracassado de 34 anos é atropelado por um ônibus, sua história não acaba. Reencarnado em um novo mundo como criança, Rudy aproveitará cada oportunidade para viver a vida que sempre quis. Com novos amigos, habilidades mágicas e coragem para fazer tudo o que sempre sonhou, ele embarca em uma aventura épica – com toda a sua experiência do passado intacta!",Aventura e Fantasia
Colisão,Série,2026.0,https://image.tmdb.org/t/p/w500/mnwBM9LIY9nrvghRIRJV7QqUBpN.jpg,"Belén e Zoé, mãe e filha unidas pelo sangue, mas marcadas por visões de mundo opostas. Na disputa pelo controle da empresa da família, elas colocarão à prova alianças, lealdades, o amor, a ambição e seus próprios limites — em uma trama onde as aparências ocultam verdades dolorosas e cada decisão traz consequências devastadoras. Assim, os laços de sangue dão lugar a uma batalha que mudará para sempre o destino e o legado da dinastia Robles.",Terror
The Uprising,Filme,2026.0,https://image.tmdb.org/t/p/w500/wyelfvUoNINgzug19uGBaQqTuQB.jpg,"Enquanto a guerra e a peste devastam a Inglaterra do século XIV, um humilde camponês dá início a uma revolta, reunindo um exército de homens e mulheres do povo para desafiar o poder do rei numa luta desesperada por justiça e sobrevivência.",Ação
O Julgamento,Série,2026.0,https://image.tmdb.org/t/p/w500/8tim2R1DnlLz5piMosrTc3JWuGo.jpg,"Pai e filha navegam em um sistema judicial imperfeito e confrontam um oponente rico determinado a proteger seu filho depois que a filha é abusada sexualmente pelo filho, em sua busca por justiça.",Blockbusters & Fura-Bolha
Medíocres,Série,2021.0,https://image.tmdb.org/t/p/w500/73vn8TdBZDp5o4AztOGhQRYeGIR.jpg,"Enfrentando a decadência e a falta de humor, a protagonista se vê compelida a contratar uma jovem estrela da internet para lhe escrever novas piadas, mas as duas se odeiam à primeira vista. Entretanto, o desprezo de uma pela outra logo acaba se revelando o ingrediente ideal para uma boa parceria.",Blockbusters & Fura-Bolha
The Weight,Filme,2026.0,https://image.tmdb.org/t/p/w500/8i5iZV50CoEtmDCFM7RSxCkpE8h.jpg,"Quando Samuel é separado da filha e enviado para uma prisão brutal, o diretor Clancy faz-lhe uma proposta arriscada: contrabandear ouro de uma mina remota juntamente com um perigoso grupo de reclusos e, em troca, conquistar a sua liberdade.",Blockbusters & Fura-Bolha
Zona Zero,Filme,2026.0,https://image.tmdb.org/t/p/w500/5tQ8kDNk00HPuVb43pZH1BmcNWQ.jpg,"De repente, um vírus que sofre mutações rápidas é liberado em uma conferência de biologia, forçando o isolamento imediato do local. A contaminação se espalha rapidamente, e os infectados não apenas atacam, eles evoluem de formas imprevisíveis e cada vez mais perigosas. Presos nesse confinamento, um grupo de sobreviventes precisa lutar pela própria vida enquanto, a cada minuto, as regras do jogo mudam.",Ação
Fúria,Série,2026.0,https://image.tmdb.org/t/p/w500/g9s9wOAQMfYNJoDf38fQRHCvlXr.jpg,"A agente do FBI Alice Black está à caça de uma misteriosa e calculista assassina em série. Ambas trilham caminhos distintos em busca de justiça, e à medida que suas vidas começam a se entrelaçar, a linha entre o certo e o errado se torna cada vez mais tênue.",Ação
Águas Mortais,Filme,2026.0,https://image.tmdb.org/t/p/w500/dWsw0X420R6ngEcVCkNlZ189Amr.jpg,"Um voo de Los Angeles para Xangai cai no meio do Oceano Pacífico. Após sobreviverem ao acidente, os passageiros logo percebem que não estão sozinhos e precisam lutar pela própria vida em águas infestadas por tubarões.",Ação
Além da traição,Série,2026.0,https://image.tmdb.org/t/p/w500/dyusVtoZ2h3RV6jbgTeqzRBMV7a.jpg,"Uma empreendedora de sucesso com uma vida aparentemente perfeita vê tudo desmoronar após descobrir que o marido está encobrindo um assassinato supostamente cometido pela filha. Enquanto a família tenta desesperadamente esconder a verdade, um chantagista anônimo afirma ter gravado tudo, arrastando-os para uma teia perigosa de mentiras, segredos e traição.",Blockbusters & Fura-Bolha
Uma Fortuna Qualquer,Série,2026.0,https://image.tmdb.org/t/p/w500/eEAJyAO5sBfVeL84G8NUqXocK8H.jpg,"Um vendedor comum ganha um prêmio enorme na loteria, mas decide continuar vivendo como antes, usando o dinheiro como um ""seguro"" emocional enquanto encara o cotidiano com uma perspectiva discretamente transformada.",Blockbusters & Fura-Bolha
Rick e Morty,Série,2013.0,https://image.tmdb.org/t/p/w500/5qfd0e2uMbVInX3YdeFbDsfxi1t.jpg,"O brilhante cientista beberrão Rick sequestra Morty, seu neto aborrescente, para viver loucuras em outros mundos e dimensões alternativas.",Blockbusters & Fura-Bolha
No Limite da Justiça,Filme,2026.0,https://image.tmdb.org/t/p/w500/3tQCQgJii07tbDDrd9DCEZRJEK2.jpg,"Um jovem agente negro do FBI é convocado para encontrar os culpados pela morte do ativista Vernon Dahmer. Para isso, ele precisa trabalhar ao lado de Gregory Scarpa, um dos assassinos mais notórios da máfia e acostumado a lidar com problemas usando violência e métodos questionáveis.",Terror
Em Coma,Série,2026.0,https://image.tmdb.org/t/p/w500/sUF9Taw59kInBPnEk50l4N2lP1S.jpg,"Depois que um ataque deixa Anabel em coma, ela e Rafael, um enfermeiro capaz de ouvir os mortos, precisam lutar para mantê-la viva antes que seus inimigos a encontrem.",Ação
Sobrenatural: Agora Entre Nós,Filme,2026.0,https://image.tmdb.org/t/p/w500/8IEzyoBOCbKIvJ9DMwHgceJkNsP.jpg,"Um trio de criminosos se infiltra em um bairro tranquilo e força uma nova família a entrar no plano astral, onde descobrem uma verdade aterradora: o Além está se infiltrando no mundo real.",Terror
"Vamos, Time!",Filme,2026.0,https://image.tmdb.org/t/p/w500/rJzfmcJLqML17sh7jlKV70D6y66.jpg,"Quando o evento de integração dá uma bela caída de nível, a equipe de colaboradores de uma empresa de queijos acha que chegou ao fundo do poço. Até saberem das demissões.",Ação
A Record of a Mortal’s Journey to Immortality,Série,2020.0,https://image.tmdb.org/t/p/w500/u1VRjvvCIVwb1MUhoxSAUimhoKZ.jpg,"Um garoto pobre e comum de uma aldeia se junta a uma seita menor em Jiang Hu e se torna um discípulo não oficial por acaso. Como Han Li, um plebeu de nascimento, estabelecerá um ponto de apoio para si mesmo em sua seita? Com sua aptidão medíocre, ele deve atravessar com sucesso o caminho traiçoeiro do cultivo e evitar a observação daqueles que podem causar-lhe mal. Esta é a história de um mortal comum que, contra todas as probabilidades, colide com demônios diabólicos e celestiais antigos, a fim de encontrar seu próprio caminho para a imortalidade.",Ação
深渊无间,Série,2026.0,https://image.tmdb.org/t/p/w500/b9ngtGNgaHBbLihRrT0MsPRY0GW.jpg,,Blockbusters & Fura-Bolha
Hot Spot,Filme,2026.0,https://image.tmdb.org/t/p/w500/42egzT6e4CIEdrEo4Xc31DKyGjA.jpg,,Blockbusters & Fura-Bolha
Michael,Filme,2026.0,https://image.tmdb.org/t/p/w500/gKWVxVJ5Q0JcQKj2Z8Hu5Qwo7s2.jpg,"A história da vida de Michael Jackson além da música, traçando sua jornada desde a descoberta de seu talento extraordinário como líder dos Jackson Five até o artista visionário cuja ambição criativa impulsionou uma busca implacável para se tornar o maior artista do mundo.",Aventura e Fantasia
"Quatro Mãos, Duas Sonatas",Série,2026.0,https://image.tmdb.org/t/p/w500/fxjh3IQjn5Duc5diImX1ayQ88AB.jpg,"Quando dois jovens pianistas de mundos completamente diferentes se encontram em uma escola de música de elite, as melodias de suas vidas se combinam em total harmonia.",Blockbusters & Fura-Bolha
Street Fighter,Filme,2026.0,https://image.tmdb.org/t/p/w500/dJPT2Uf12X6aFg8i5N67NTpIZ9t.jpg,"Em 1993, os lutadores afastados Ryu e Ken Masters são colocados de volta em combate quando a misteriosa Chun-Li os recruta para o próximo Torneio do Guerreiro Global, uma briga brutal de socos, destinos e fúria. Porém, por trás dessa batalha por glória está uma conspiração mortal que os força a se enfrentarem entre si e seus demônios do passado.",Ação
O Convite,Filme,2026.0,https://image.tmdb.org/t/p/w500/yXLx87GoPrM1ofZyIdFJOaqCjKP.jpg,"O casamento de Joe e Angela está por um fio. Quando eles convidam seus enigmáticos vizinhos do andar de cima para um jantar, a noite toma rumos inesperados e o que prometia ser uma noite tranquila rapidamente descarrila. Os vizinhos trazem uma proposta inesperada e provocativa que obriga os dois casais a confrontarem seus desejos, intimidades e crises existenciais",Blockbusters & Fura-Bolha
The Boys,Série,2019.0,https://image.tmdb.org/t/p/w500/in1R2dDc421JxsoRWaIIAqVI2KE.jpg,"Na trama, conhecemos um mundo em que super-heróis são as maiores celebridades do planeta, e rotineiramente abusam dos seus poderes ao invés de os usarem para o bem.",Ficção Científica
Passageiro do Mal,Filme,2026.0,https://image.tmdb.org/t/p/w500/aSoOiatgMmXtDS3iwWD5hC2Rbyn.jpg,"Durante uma viagem de van, um jovem casal presencia um acidente terrível que resulta na morte do motorista. Logo, eles passam a ser perseguidos por uma entidade demoníaca, de quem é impossível escapar e que os segue por onde quer que vão.",Terror
As Ovelhas Detetives,Filme,2026.0,https://image.tmdb.org/t/p/w500/crW4rarCRUVRSRFy3Bufw8Mwf8l.jpg,"George é um pastor que lê romances policiais para suas queridas ovelhas todas as noites, acreditando que elas não conseguem entender. Mas, quando um incidente misterioso interrompe a vida na fazenda, as ovelhas percebem que precisam se tornar as detetives. Ao seguir as pistas e investigar suspeitos humanos, elas provam que até mesmo ovelhas podem ser brilhantes solucionadoras de crimes.",Romance
A Casa do Dragão,Série,2022.0,https://image.tmdb.org/t/p/w500/oKJDm4QCKbp6mR4FnxXrFlPJP8Y.jpg,"200 anos antes dos eventos de ""Game of Thrones"", os Targaryen estavam no ápice de seu poder, tendo inúmeros dragões sob seu comando, mas nem tudo dura para sempre. O início do fim da dinastia Targaryen.",Blockbusters & Fura-Bolha
Crystal Lake,Série,2026.0,https://image.tmdb.org/t/p/w500/3ENhExiD2fcjk5FX0AcAXcvLu9N.jpg,,Blockbusters & Fura-Bolha
The Drop: Uma Saga Snowfall,Série,2026.0,https://image.tmdb.org/t/p/w500/dMrtbf4hR6f18R1bPQ2Oh5GxVrQ.jpg,"Na Los Angeles dos anos 1990, Wanda e Leon lutam para levar o rap da Costa Oeste ao grande público, enquanto guerras de gangues eclodem e gravadoras buscam explorar a cultura hip-hop em benefício próprio.",Ação
LIAR GAME,Série,2026.0,https://image.tmdb.org/t/p/w500/1bBCTwdIDdau06vQaNWc7bHErqq.jpg,"Kanzaki Nao, uma jovem inocente e honesta, se envolve no LIAR GAME, um jogo onde o que vale é a mentira, e o roubo é a chave para vencer. Sem saber o que fazer, ela pede ajuda de Akiyama Shin'ichi, um famoso golpista que acaba de sair da prisão. Sairão ambos bilionários, ou com dívidas impossíveis de pagar? Nao pode mesmo confiar em Akiyama, ou ele tem outros planos?",Blockbusters & Fura-Bolha
Avatar Aang: O Último Mestre do Ar,Filme,2026.0,https://image.tmdb.org/t/p/w500/tiUtJXN4OZaK2PQM0q8mbbBgKS4.jpg,"O Avatar Aang, o último mestre do ar do mundo, toma conhecimento de um poder antigo que poderia salvar sua cultura da extinção. Com a ajuda de seus amigos, ele embarca em uma busca global para encontrá-lo antes que caia em mãos erradas e ameace destruir a paz que eles sacrificaram tudo para alcançar.",Blockbusters & Fura-Bolha
给阿嬷的情书,Filme,2026.0,https://image.tmdb.org/t/p/w500/s0sC3hPPX4OobLNfdl2iSs2vtvI.jpg,,Blockbusters & Fura-Bolha
Um Conto de Duas Cidades,Série,2026.0,https://image.tmdb.org/t/p/w500/oL2b0zBWPJGXS0x56EJMZq76AKl.jpg,"Aquele foi o melhor dos tempos... Três jovens se encontram nas ruas de Londres Georgiana, que dá início a uma jornada épica durante a Revolução Francesa.",Aventura e Fantasia
Chad Powers: O Quarterback,Série,2025.0,https://image.tmdb.org/t/p/w500/buUbLRAMSHbFyBCCG7WGv0FCNir.jpg,"Oito anos após um erro imperdoável destruir sua promissora carreira no futebol americano universitário, o astro Russ Holliday tenta ressuscitar seus sonhos. Ele se disfarça de Chad Powers, um talentoso esquisitão que entra para o time da South Georgia Catfish.",Blockbusters & Fura-Bolha
Vigil,Série,2021.0,https://image.tmdb.org/t/p/w500/5zAheY0Upi2MwU3edGtEgb7Ldh3.jpg,O misterioso desaparecimento de uma traineira escocesa e a morte a bordo de um submarino nuclear Trident colocam a polícia em conflito com a Marinha Britânica e os serviços de segurança,Terror
Todo Mundo em Pânico,Filme,2026.0,https://image.tmdb.org/t/p/w500/y9yJd2qIIwhZcllHeKHsz5eRvNr.jpg,"Vinte e seis anos depois de escaparem de um assassino mascarado suspeitosamente familiar, o Quarteto Fantástico está de volta à mira do criminoso, e nenhuma propriedade intelectual de filmes de terror está a salvo.",Terror
Bob Esponja,Série,1999.0,https://image.tmdb.org/t/p/w500/yXrtQINkVRyNmfUQFyVG2LuoTqm.jpg,"Uma esponja-do-mar chamada Bob Esponja Calça Quadrada mora com seu caracol de estimação na Fenda do Biquíni, no fundo do oceano. Bob trabalha no Siri Cascudo e, nas horas vagas, vive arrumando confusões com seu melhor amigo, a estrela-do-mar Patrick.",Ação
Os Simpsons,Série,1989.0,https://image.tmdb.org/t/p/w500/1jGPgDDcmg3Xgs3WO8sfYfbnFoA.jpg,"Uma animação sobre uma típica família dos Estados Unidos. Homer é o pai de família nada saudável ou inteligente, que adora beber cerveja. Marge é a esposa e mãe de família dedicada. Bart é o filho de 10 anos, que não leva a escola a sério e tem orgulho disso. Lisa é a garota de 8 anos, um gênio não apreciado. E Maggie é a bebê que não larga a chupeta.",Ação
The Girl in the River,Filme,2026.0,https://image.tmdb.org/t/p/w500/Athmtx06Un1OUWF33IVWExTPs6X.jpg,Um criminologista experiente e uma jovem psicóloga são atraídos para uma remota cidade americana para investigar o assassinato de uma garotinha e o desaparecimento de sua irmã gêmea enquanto entram na mente do assassino em uma corrida contra o tempo.,Terror
生逢其时,Série,2026.0,https://image.tmdb.org/t/p/w500/q2ulZwiuO9Gg0bVziimr8CXHdpk.jpg,,Blockbusters & Fura-Bolha
Adultos,Série,2025.0,https://image.tmdb.org/t/p/w500/pUWQGpBgwLgIuttLJ8DKywqu1Mq.jpg,"Um grupo de jovens de vinte e poucos anos moram juntos em Nova York e tentam ser pessoas boas, apesar de ainda estarem bem longe disso.",Blockbusters & Fura-Bolha
Band of Brothers: Legacy,Filme,2026.0,https://image.tmdb.org/t/p/w500/n29MsV1m2OCbDp6PLeHxziOVOLG.jpg,"Uma homenagem documental à série que ajudou a preservar a história da Easy Company, em consonância com o 25º aniversário da série limitada original da HBO.",Blockbusters & Fura-Bolha
가능한 사랑,Filme,2026.0,https://image.tmdb.org/t/p/w500/7UAzxqezg5yvZyK3k62wOAzg0Zs.jpg,,Blockbusters & Fura-Bolha
O Drama,Filme,2026.0,https://image.tmdb.org/t/p/w500/tM3hbeEwJZdQAjwwt5UjFn638AY.jpg,"Profundamente apaixonados e em meio aos preparativos finais para o grande dia do casamento, o casal tem sua felicidade ameaçada quando vêm à tona segredos que jamais poderiam imaginar.",Romance
신병,Série,2022.0,https://image.tmdb.org/t/p/w500/rhaVq50hxzvyIMBhR4g9ElMpLfG.jpg,,Blockbusters & Fura-Bolha
A Morte do Demônio: Em Chamas,Filme,2026.0,https://image.tmdb.org/t/p/w500/fteLdvfRnltfLjAEnsl5E3vImnW.jpg,"Após a perda do marido, uma mulher busca consolo com seus sogros em sua casa isolada. À medida que, um a um, eles são transformados em Deadites — transformando o encontro em uma reunião familiar infernal —, ela descobre que os votos que fez em vida... continuam vivos mesmo após a morte.",Terror
Ponto Sem Retorno,Filme,2026.0,https://image.tmdb.org/t/p/w500/1C2qbfUW3lTzb8vpZeG8pjYzW3Q.jpg,"Após a população mundial ter sido devastada por uma pandemia, um homem vive uma existência solitária em um hangar de aviões no Colorado com seu cachorro e um pistoleiro taciturno com quem fez amizade. Quando uma transmissão misteriosa surge no rádio enquanto ele pilota seu velho Cessna, isso desencadeia uma busca pela origem do som.",Ação
Stranger Things,Série,2016.0,https://image.tmdb.org/t/p/w500/twfKp60THrcOIep9sjHODOOfO8d.jpg,"Quando um garoto desaparece, a cidade toda participa nas buscas. Mas o que encontram são segredos, forças sobrenaturais e uma menina.",Blockbusters & Fura-Bolha
A Justiceira,Série,2026.0,https://image.tmdb.org/t/p/w500/zChO8JkgXkxYBr49wxxXMPbfquz.jpg,Uma assassina de aluguel a serviço de uma organização secreta retorna após uma licença-maternidade de três anos. Seu marido jornalista fica cada vez mais desconfiado e tenta descobrir a vida secreta dela.,Ação
The Mongoose,Filme,2026.0,https://image.tmdb.org/t/p/w500/eSS5mvSG84UUuvtbHel5Yu3Wik4.jpg,"Um herói de guerra falsamente acusado, sem nada a perder, lidera a polícia em uma épica perseguição televisiva de carro pelo país, ajudado por membros de seu antigo batalhão das Forças Especiais do Exército e monitorado de perto por um público fascinado que torce por sua fuga segura.",Ação
O Novato,Série,2018.0,https://image.tmdb.org/t/p/w500/yCPGrd6fzbftuaH97OUS6tUdE4B.jpg,"John Nolan, um homem de 40 anos, deixa para trás sua vida confortável em uma cidade pequena para viver seu sonho de ser um agente policial no Departamento de Polícia de Los Angeles. Como o novato mais velho, ele enfrenta a descrença de seus colegas.",Ação
American Dad!,Série,2005.0,https://image.tmdb.org/t/p/w500/eb9sH2am9IUSQ8GhXTNAVoujk8W.jpg,"Stan Smith é um agente da CIA lotado em Langley Falls, na Virginia, cujo objetivo principal da vida é a segurança nacional. Sua família, um peixe dourado falante e um alienígena resgatado da Área 51 mantêm Stan ocupado enquanto ele tenta combater atividades terroristas nos EUA.",Terror
Duna: Parte Três,Filme,2026.0,https://image.tmdb.org/t/p/w500/s6EYTdJpvYYSC7IyC7GpLuTxlak.jpg,"O terceiro filme da trilogia Duna que adaptará o livro ""O Messias de Duna"".",Blockbusters & Fura-Bolha
Ludwig,Série,2024.0,https://image.tmdb.org/t/p/w500/6xpAG4tJKhRT6y2Uxw2nAJareoQ.jpg,"Em uma tentativa de desvendar o mistério do desaparecimento de seu irmão gêmeo, o recluso designer de quebra-cabeças John ""Ludwig"" Taylor assume a identidade de seu irmão gêmeo James como DCI do Cambridge Serious Crime Squad.",Ação
Detetive Conan,Série,1996.0,https://image.tmdb.org/t/p/w500/gW14n6xxONXrya8CIDhRe5Ada7U.jpg,"Transformado em criança por uma substância misteriosa, o detetive adolescente Conan ajuda na solução de crimes complexos enquanto persegue os vilões que o envenenaram.",Ação
Spider-Noir,Série,2026.0,https://image.tmdb.org/t/p/w500/rfrzXSaiuvRMLo8PRQds0TfFrZC.jpg,"O detetive particular Ben Reilly é contratado para casos simples... até que gângsteres, monstros e uma misteriosa femme fatale tecem uma teia que o obriga a confrontar seu passado como o único super-herói de Nova York: O Spider.",Terror
The Furious,Filme,2026.0,https://image.tmdb.org/t/p/w500/k334z7zxOJlJvOsOwyRF6HClCvi.jpg,"Após a filha de Wang Wei ser sequestrada por uma rede criminosa e ele não receber ajuda da polícia corrupta, Wei decide encontrá-la por conta própria. Seu único aliado é Navin, um jornalista implacável cuja esposa desapareceu misteriosamente. Movidos por uma fúria vingativa, a dupla improvável enfrenta os sequestradores impiedosamente neste explosivo confronto de artes marciais.",Blockbusters & Fura-Bolha
Star Wars: O Mandaloriano e Grogu,Filme,2026.0,https://image.tmdb.org/t/p/w500/dNwaS0tnwgQRaQFPY5MbGxdmYXr.jpg,"O maligno Império caiu e os senhores da guerra Imperiais ainda estão espalhados pela galáxia. Enquanto a jovem Nova República luta para proteger tudo pelo que a Rebelião batalhou, ela conta com a ajuda do lendário caçador de recompensas Mandaloriano Din Djarin e seu jovem aprendiz Grogu.",Ação
Alpha,Filme,2026.0,https://image.tmdb.org/t/p/w500/bPtRt3ajQ0EkyeQ1O6iJwAIi9Py.jpg,"Submetida a experimentos militares quando criança, uma assassina de elite vai atrás das pessoas responsáveis e descobre um passado que não fazia ideia que existia.",Blockbusters & Fura-Bolha
A Diplomata,Série,2023.0,https://image.tmdb.org/t/p/w500/1DoshncExMCGK9skDMA7iddHalJ.jpg,"Em meio a uma crise internacional, uma diplomata de sucesso precisar lidar com a carreira de embaixadora e um conturbado casamento com um político influente.",Blockbusters & Fura-Bolha
Animals,Filme,2026.0,https://image.tmdb.org/t/p/w500/pzGIIFt33PHYHb2HJwof0WHrJKR.jpg,,Blockbusters & Fura-Bolha
Contos Paralelos,Filme,2026.0,https://image.tmdb.org/t/p/w500/9VAKwQ0wbafwfyOusX3RF3K0bC8.jpg,"Em busca de inspiração para seu novo romance, Sylvie, uma escritora francesa em crise criativa, passa os dias observando secretamente os vizinhos do prédio em frente ao seu apartamento em Paris. Tentando recuperar o brilho de seus anos de prestígio, ela transforma a rotina alheia em matéria-prima para sua escrita. Mas, quando contrata Adam para ajudá-la nas tarefas do dia a dia, a linha entre observação e interferência começa a se desfazer, desencadeando consequências inesperadas para ela, seus vizinhos e sua própria ficção.",Romance
Oasis: Don't Look Back In Anger,Filme,2026.0,https://image.tmdb.org/t/p/w500/uDScWBbQ6s1MCKQlekZdLt6wM5M.jpg,"Os integrantes da banda comentam diretamente sobre o fim do grupo e sobre a decisão de retomar a parceria para a turnê Oasis Live ’25, que levou a banda novamente aos palcos em 2025. O filme registra ensaios, bastidores e apresentações, além de entrevistas conjuntas dos Gallagher, as primeiras realizadas pelos dois em mais de 25 anos.",Blockbusters & Fura-Bolha
Harry Potter,Série,2026.0,https://image.tmdb.org/t/p/w500/qKTY9GXIf3OeIiKOav6yaOEaZXW.jpg,"Esta série explora todos os cantos do mundo mágico, levando as incríveis aventuras de Harry Potter para públicos novos e antigos.",Comfort Movies
Além Das Nuvens,Série,2026.0,https://image.tmdb.org/t/p/w500/lUZohwRbOHriUm5Y9yyItDEJ1bh.jpg,"Ex-comissária de bordo, Ruan Sixian persegue o sonho de se tornar piloto na escola de aviação; mais tarde, ela entra em conflito e depois se reconcilia com o executivo do setor Fu Mingyu, em uma disputa de alto nível que envolve inovação na indústria e a redenção profissional de ambos.",Ação
欢迎来龙餐馆,Filme,2026.0,https://image.tmdb.org/t/p/w500/2OJX7udqqpk5c82pXXdL2hnny0D.jpg,,Blockbusters & Fura-Bolha
O Rato,Série,2026.0,https://image.tmdb.org/t/p/w500/o1ujqeHciL7sqOGer9kGyNPqob3.jpg,"Um escritor recluso descobre que sua identidade foi roubada. Agora, precisa se aliar a um agiota para retomar sua vida das mãos de um homem conhecido como O Rato.",Blockbusters & Fura-Bolha
Monstro: A História de Lizzie Borden,Série,2026.0,https://image.tmdb.org/t/p/w500/57XScX1aYtKi1LvHYFQLPUxVhTG.jpg,"Presa em um lar cruel da era vitoriana, Lizzie Borden mata os pais em um crime sangrento que abala o país.",Terror
Presidente Curtis,Série,2026.0,https://image.tmdb.org/t/p/w500/bslvJffCHQSJxUKuEEzjkYPNrTn.jpg,"O presidente Curtis e sua equipe enfrentam crises que Rick Sanchez ignoraria, da diplomacia interdimensional a fenômenos paranormais.",Blockbusters & Fura-Bolha
Cidade de Sangue,Série,2026.0,https://image.tmdb.org/t/p/w500/qKIQ1FO7D422UAY4Ib5vFel8Vy2.jpg,"Berlim, uma cidade-estado à beira do colapso. Enquanto uma pequena parcela privilegiada vive sob um domo climatizado, os que estão do lado de fora lutam para sobreviver em um mundo devastado pelo calor, corrupção e crime. Após anos separadas, as irmãs Bea e Phoebe se reencontram e descobrem um segredo sombrio: os vampiros estão determinados a tomar o poder político, e o sangue se tornou a nova moeda da cidade.",Terror
American Horror Story,Série,2011.0,https://image.tmdb.org/t/p/w500/x2c3AvZeTyNehRZXabTojAxfDuR.jpg,"Uma antologia dramática de terror trazendo a cada temporada novas histórias, cenários e personagens perturbadores.",Terror
Flex x Cop,Série,2024.0,https://image.tmdb.org/t/p/w500/aLrGyfe2nbfM9PvtSYoKy5jEOJu.jpg,"Um rapaz rico e divertido se envolve em um incidente e se junta a uma equipe de investigação de crimes violentos. Ao mobilizar sua enorme riqueza e contatos pessoais, o detetive rico de terceira geração captura criminosos que estão além do alcance da polícia.",Ação
LEGO Star Wars: The Mandalorian,Filme,2026.0,https://image.tmdb.org/t/p/w500/x3HEvYXWOW6WHqsHmg2MUVy3SLm.jpg,"O Mandaloriano e Grogu se juntam a seus aliados excêntricos para uma festa épica, celebrando seu heroísmo. Enquanto amigos entretêm a turma com histórias de suas aventuras, uma ameaça pirata se aproxima.",Aventura e Fantasia
Como uma Família,Série,2026.0,https://image.tmdb.org/t/p/w500/9VYLkfIHCNXl9ZzCy13bTpmUpIS.jpg,"Cinco famílias excêntricas vivem lado a lado na Comunidade de Chumbak. Lá, conflitos caóticos e situações hilárias fazem com que cada dia seja um novo capítulo.",Blockbusters & Fura-Bolha
Neagley: Detetive Particular,Série,2026.0,https://image.tmdb.org/t/p/w500/rdsrpK39op8a1PehUeTyl3M5ka6.jpg,"Um novo capítulo começa no universo de REACHER. Frances Neagley é uma investigadora particular em Chicago e ex-colega de Jack Reacher na 110ª Unidade de Investigações Especiais do Exército. Ao saber que um amigo querido de seu passado morreu em um acidente suspeito, ela fica determinada a obter justiça.",Ação
O Senhor dos Anéis: Os Anéis de Poder,Série,2022.0,https://image.tmdb.org/t/p/w500/b5pl6GmQmTCHmZKEBhXPN0gmoAq.jpg,"Tendo início em uma época de relativa paz, a série acompanha um grupo de personagens que enfrenta o ressurgimento do mal na Terra-média. Das profundezas escuras das Montanhas de Névoa, das majestosas florestas de Lindon, do belíssimo reino da ilha de Númenor, até os confins do mapa, esses reinos e personagens criarão legados que permanecerão vivos muito além de suas partidas.",Comfort Movies
Jaadugar: A Witch in Mongolia,Série,2026.0,https://image.tmdb.org/t/p/w500/A62nNZKHo1Ee8AjXHFAu6ykM66F.jpg,"O momento: século XIII. O lugar: yeke Mongγol ulus, o maior império que o mundo já conheceu. A mulher: Fátima, vinda da Pérsia, onde as técnicas medicinais e o conhecimento científico superavam qualquer precedente. O desejo de Fátima por um lugar onde ela pudesse colocar seus conhecimentos à mostra a leva para o palácio dos mongóis, onde ela vira subordinada de Töregene, a sexta esposa de Ögedei, o segundo grande Khan. Ela é uma mulher poderosa que tem sentimentos confusos sobre o rumo que o império está tomando. Essas duas mulheres são o eixo que farão as políticas do palácio e, em breve, do próprio mundo, mudarem...",Blockbusters & Fura-Bolha
A Will Eternal,Série,2020.0,https://image.tmdb.org/t/p/w500/jgeAAUyACa4KIdOPafFlWas3em5.jpg,"Ele tinha um sonho: viver para sempre! Perdeu seus pais ainda jovem e foi criado em uma aldeia humilde, mas sempre tinha um sorriso no rosto, aprontando travessuras. Mas um dia, um imortal apareceu, dando a oportunidade que ele precisava, trilhar o caminho da imortalidade, entrar no mundo do cultivo. Acompanhe história de Bai Xiachun, um garoto simples e com medo de morrer, mas ele não desistirá do seu sonho.",Terror
消失的人,Filme,2026.0,https://image.tmdb.org/t/p/w500/v1mXfFXyAQRedKHIg1ji9gGKmSt.jpg,,Blockbusters & Fura-Bolha
Mortal Kombat 2,Filme,2026.0,https://image.tmdb.org/t/p/w500/iILiJSRViTEcF23MHhGCbVm3mfW.jpg,"Os campeões favoritos dos fãs – agora acompanhados pelo próprio Johnny Cage – são colocados uns contra os outros numa sangrenta e derradeira batalha, sem regras ou limites, para derrotar o governo sombrio de Shao Kahn.",Terror
The Odyssey,Filme,2026.0,https://image.tmdb.org/t/p/w500/b0z3ViIC5AkbJoqxmTpqyjgmoJs.jpg,,Blockbusters & Fura-Bolha
Origem,Série,2022.0,https://image.tmdb.org/t/p/w500/eK9ZDIq7gPFRJ0GGaWvgrXLZgXX.jpg,"Desvende o mistério de uma cidade no centro dos EUA. Enquanto os moradores lutam para manter um senso de normalidade, eles também devem sobreviver às ameaças da floresta ao redor, incluindo as criaturas aterrorizantes que surgem quando o sol se põe.",Terror
The Fix,Filme,2026.0,https://image.tmdb.org/t/p/w500/yopXjun3ICFfJci2ukcEzceZjUs.jpg,,Blockbusters & Fura-Bolha
The Villager of Level 999,Série,2026.0,https://image.tmdb.org/t/p/w500/b62MUHX0v8aVVyqH9P0zlEYhf9n.jpg,"Em Earthclear, todos nascem com um papel predefinido, e os aldeões são os mais fracos de todos. A maioria nunca passa do Nível 5 — exceto Koji Kagami, que é Nível… 999?! Em uma caçada a monstros, ele encontra Alice, a filha do Rei Demônio, e descobre que compartilham um sonho impossível: a coexistência entre humanos e demônios.",Terror
A Morte de Robin Hood,Filme,2026.0,https://image.tmdb.org/t/p/w500/o0QndnepFPWget2kdKpzh26RBYt.jpg,"Atormentado pelas cicatrizes de uma vida marcada pelo crime, Robin Hood sobrevive por pouco àquela que acreditava ser sua batalha final. Gravemente ferido, ele é encontrado por uma mulher misteriosa que o recolhe das sombras e passa a cuidar de seus ferimentos. Com o corpo fora de combate, cada erro cometido no passado volta para assombrá-lo.",Terror
Jujutsu Kaisen,Série,2020.0,https://image.tmdb.org/t/p/w500/8R1mMSC1gX1cg5ed7ns49JOEqw3.jpg,"Sofrimento, arrependimento, vergonha: os sentimentos negativos dos humanos tornam-se Maldições, causando terríveis acidentes que podem levar até mesmo à morte. E pra piorar, Maldições só podem ser exorcizadas por outras Maldições. Certo dia, para salvar amigos que estavam sendo atacados por Maldições, Yuji Itadori engole o dedo do Ryomen-Sukuna, absorvendo sua Maldição. Ele então decide se matricular no Colégio Técnico de Feitiçaria de Tóquio, uma organização que combate as Maldições... e assim começa a heróica lenda do garoto que tornou-se uma Maldição para exorcizar uma Maldição.",Terror
O Último Nascer do Sol,Filme,2026.0,https://image.tmdb.org/t/p/w500/aUP8lmnCvOUiG0n1ciXaeFEou3j.jpg,"Ry é uma estudante universitária que convive com uma doença crônica. Durante uma viagem de férias para a ilha de Maiorca com a sua mãe, Ry se apaixona inesperadamente por Julián. À medida que aprende a se entregar ao presente, o agravamento de sua condição de saúde e segredos familiares guardados há anos ameaçam desmoronar tudo antes que o verão chegue ao fim.",Blockbusters & Fura-Bolha
A Luz do Futuro,Série,2026.0,https://image.tmdb.org/t/p/w500/nnqscYuGNJKdM62PAxTYEf8Z9cm.jpg,"Em um passado alternativo, uma dupla improvável se une para procurar um catálogo perdido capaz de levar eletricidade às ruas esfumaçadas de Kyoto.",Ficção Científica
On the Sea,Filme,2026.0,https://image.tmdb.org/t/p/w500/9dZj1TDR2TlSdWjnzGI87jbZSts.jpg,,Blockbusters & Fura-Bolha
Avatar: Fogo e Cinzas,Filme,2025.0,https://image.tmdb.org/t/p/w500/3almrQT8GnrDjnQeWotdExjJhZm.jpg,"Após a devastadora guerra contra a RDA e a perda de seu filho mais velho, Jake Sully e Neytiri enfrentam uma nova ameaça em Pandora: o Povo das Cinzas, uma tribo Na'vi violenta e sedenta por poder, liderada pela implacável Varang. A família de Jake deve lutar por sua sobrevivência e pelo futuro de Pandora em um conflito que os leva aos seus limites emocionais e físicos.",Ficção Científica
Protocolo de Extermínio,Filme,2026.0,https://image.tmdb.org/t/p/w500/S8yJg9VlcDRB55CFIBAF7V2lZ3.jpg,Uma sniper precisa lutar sozinha contra um esquadrão de soldados geneticamente modificados no meio do deserto para salvar sua filha pequena.,Ação
Super Mario Galaxy: O Filme,Filme,2026.0,https://image.tmdb.org/t/p/w500/b3WeTp42eJSRuE4UZfyPCOJW4c.jpg,"Depois de salvar o Reino dos Cogumelos, Mario e seus amigos se encontram em uma missão intergaláctica para deter um novo vilão ameaçador.",Ação
Razão e Sensibilidade,Filme,2026.0,https://image.tmdb.org/t/p/w500/q2Jnaui0w7pe24Hex2z6wEocirf.jpg,"Uma nova e irresistível releitura do icônico romance “Razão e Sensibilidade”, de Jane Austen: uma história encantadora, espirituosa e com a qual é fácil se identificar, sobre amor e irmandade.",Romance
It's Always Sunny in Philadelphia,Série,2005.0,https://image.tmdb.org/t/p/w500/2UDlWXzHmSZnLY9qsWPQuTBJoY7.jpg,"Quatro amigos na Filadélfia gerenciam um bar. Charlie,  Mac e Dennis, amigos desde crianças,  são os originais proprietários do Paddy's Pub. Dee, irmã  gêmea de Dennis, trabalha como garçonete. Ter o próprio negócio dá aos  amigos a possibilidade de satisfazer as próprias vontades, por mais  distorcidas e complicadas que sejam.",Blockbusters & Fura-Bolha
冬城猎凶,Série,2026.0,https://image.tmdb.org/t/p/w500/64NVbdSuNgrK90wqhtnlR2S4sPK.jpg,,Blockbusters & Fura-Bolha
Fallout,Série,2024.0,https://image.tmdb.org/t/p/w500/tQRX6GbYooU7kUaarKf5YXDTONy.jpg,"Baseada em uma das maiores séries de videogame de todos os tempos, Fallout é a história de quem tem e de quem não tem, em um mundo onde não existe quase nada para se ter. 200 anos após o apocalipse, uma habitante pacífica de um agradável refúgio é forçada a se aventurar na superfície e fica chocada quando descobre a terra devastada que a espera.",Aventura e Fantasia
Doupo Cangqiong,Série,2017.0,https://image.tmdb.org/t/p/w500/oyoahIcdamTXwjIaL3CqZ1v5CLl.jpg,"Em uma terra onde não há magia, uma terra onde os fortes fazem as leis e os fraco tem que obedecer, uma terra cheia de tesouros fascinantes e de uma beleza indescritível, mas também preenchida com perigos inimagináveis. Xiao Yan, que mostrou ter um talento nunca antes visto em décadas, de repente perdeu tudo há três anos – seus poderes, sua reputação e a promessa com sua mãe. O que o levou a perder todos os seus poderes? E por que a sua noiva de repente apareceu?",Aventura e Fantasia
A Captura,Filme,2026.0,https://image.tmdb.org/t/p/w500/z1BazG57E5JaNbxQ5kpXt8h8whv.jpg,Dois policiais mexicanos precisam sobreviver às últimas horas de seu turno após cruzarem o caminho de um chefe de cartel implacável.,Blockbusters & Fura-Bolha
Longe Demais,Série,2024.0,https://image.tmdb.org/t/p/w500/iH94JBWThuy8EMNYqY9e1EJSORn.jpg,"Uma mulher chega à terra natal de seu falecido marido com seu corpo e filho, mas sua poderosa família a impede de sair, levando a uma batalha quando segredos obscuros vêm à tona.",Blockbusters & Fura-Bolha
死有對証,Série,2026.0,https://image.tmdb.org/t/p/w500/mRDJwZJluve4ETbWn5Oqify9EPh.jpg,,Blockbusters & Fura-Bolha
Pionek,Série,2024.0,https://image.tmdb.org/t/p/w500/iirTKNlAVdacYHo3fXBGIzhglQU.jpg,,Blockbusters & Fura-Bolha
Dexter: Ressurreição,Série,2025.0,https://image.tmdb.org/t/p/w500/wG6GBTreXHoBhxsFY4vVSQtYey5.jpg,"Dexter Morgan acorda do coma e vai para Nova Iorque, determinado a encontrar Harrison e consertar as coisas, mas quando Angel Batista da Miami Metro chega com perguntas, Dexter percebe que seu passado está mais próximo do que nunca.",Blockbusters & Fura-Bolha
Zootopia 2,Filme,2025.0,https://image.tmdb.org/t/p/w500/sOgzzmyHJ3uWjEU509AwrcXoE71.jpg,Os detetives Judy Hopps e Nick Wilde se encontram na trilha sinuosa de um réptil misterioso que chega a Zootopia e vira a metrópole dos mamíferos de cabeça para baixo.,Blockbusters & Fura-Bolha
Batman: A Queda do Morcego - Parte 1,Filme,2026.0,https://image.tmdb.org/t/p/w500/qJJTWt69ZUxFQU0SUh0dWN9bUqf.jpg,"O Asilo Arkham foi destruído, e todos os seus detentos foram soltos em Gotham City. Enquanto corre contra o tempo para capturar alguns de seus maiores inimigos, Batman é levado ao limite de suas capacidades físicas e mentais, rumo a um confronto final contra uma nova ameaça: o homem chamado Bane!",Ficção Científica
花儿与少年,Série,2014.0,https://image.tmdb.org/t/p/w500/s4WOcsEQ1pLjdKWEy7dcFDlWfI4.jpg,,Blockbusters & Fura-Bolha
Drive Through Fire,Filme,2026.0,https://image.tmdb.org/t/p/w500/lmQKEJ4Te7CQ5mhnXwr3zCLnOvc.jpg,,Blockbusters & Fura-Bolha
Gandhari,Filme,2026.0,https://image.tmdb.org/t/p/w500/hCHei97aPYCCsh4vicz9X0wmdFV.jpg,"Depois do sequestro da filha, uma mãe se reinventa para caçar a gangue por trás de um círculo de tráfico de crianças. Com Taapsee Pannu.",Blockbusters & Fura-Bolha
Sheep in the Box,Filme,2026.0,https://image.tmdb.org/t/p/w500/aUeOpkCfGJHgQYFy89vTb0OvgWF.jpg,"Num futuro próximo, a arquiteta Otone Komoto é casada com Kensuke, que dirige uma construtora. O casal decide acolher um robô humanoide em sua casa como seu filho.",Ficção Científica
Jogos Vorazes: Amanhecer na Colheita,Filme,2026.0,https://image.tmdb.org/t/p/w500/dqcvSXztIx9LPIPr3sQyeB3EWe1.jpg,"Explora Panem 24 anos antes da saga de Katniss, começando na manhã da colheita dos 50º Jogos Vorazes, dos quais participa o jovem Haymitch Abernathy.",Blockbusters & Fura-Bolha
Superman,Filme,2025.0,https://image.tmdb.org/t/p/w500/v8ezJI3qfEv4OYq8AWSp4inFIwE.jpg,"Superman, um jovem repórter de Metrópolis, embarca em uma jornada para reconciliar sua herança kryptoniana com sua criação humana como Clark Kent.",Aventura e Fantasia
I Want Your Sex,Filme,2026.0,https://image.tmdb.org/t/p/w500/5BcTAQYlPpzxdsQSfw4luLez65a.jpg,"Elliot, um jovem novato, consegue um emprego para a renomada artista, ícone e provocadora Erika Tracy. Suas fantasias se tornam realidade quando Erika o convoca para se tornar sua musa sexual. No entanto, Elliot logo se vê fora de seu alcance quando a artista o leva em uma jornada mais profunda do que ele jamais havia imaginado, em um mundo de sexo, obsessão, poder, traição e assassinato.",Aventura e Fantasia
I Want to Love You Till Your Dying Day,Série,2026.0,https://image.tmdb.org/t/p/w500/73DZoZWswGICwZ8G287avfBUeYj.jpg,"Numa academia secreta onde crianças órfãs são criadas para se tornarem armas, a morte é rotina e o luto é proibido. Sheena, uma garota de 14 anos que questiona essa vida brutal, conhece Mimi, uma garota misteriosa e ensanguentada que se recusa a ceder. Num mundo construído sobre a violência, as duas se agarram a uma frágil esperança e lutam para preservar sua humanidade.",Terror
Pluribus,Série,2025.0,https://image.tmdb.org/t/p/w500/p9J7CXVI5gjkyUo6trV7m85gssW.jpg,A pessoa mais triste da Terra deve salvar o mundo da felicidade.,Blockbusters & Fura-Bolha
Gator Face,Filme,2026.0,https://image.tmdb.org/t/p/w500/fM7S2VWp3yziqQwO9vNEu3Epb8v.jpg,,Blockbusters & Fura-Bolha
ルックバック,Filme,2026.0,https://image.tmdb.org/t/p/w500/6eXDHPwPDTZTgf4wuGIP49bxxJV.jpg,,Blockbusters & Fura-Bolha
Patrulha Canina,Série,2013.0,https://image.tmdb.org/t/p/w500/pQ0bBHR9Q3wurjNMjnqal0gJaYo.jpg,"Seis cachorrinhos heroicos liderados por um garoto de 10 anos realizam arriscadas missões de resgate sempre com bom humor, habilidades especiais e veículos muito legais!",Blockbusters & Fura-Bolha
"Acampamento Miasma: Adolescência, Sexo e Morte",Filme,2026.0,https://image.tmdb.org/t/p/w500/7r37ugEVIODiGk05UjzlD8t9F7d.jpg,"Após anos de sequências desleixadas, a franquia Camp Miasma é entregue a uma jovem diretora entusiasmada para ser revitalizada. Mas ao visitar a estrela do filme original, hoje uma atriz reclusa e envolta em mistério, as duas mergulham em um mundo ensanguentado de desejo, medo e delírio.",Terror
Hokum: O Pesadelo da Bruxa,Filme,2026.0,https://image.tmdb.org/t/p/w500/fn5QNtG3LLXC3e7ZTQDYP92kFYc.jpg,"O escritor solitário Ohm Bauman refugia-se em um hotel isolado para cumprir o último desejo de seus pais. A despedida silenciosa transforma-se em pesadelo quando histórias sobre uma antiga bruxa que assombra a suíte de lua de mel passam a invadir seus sonhos e sua mente. Entre visões perturbadoras e um desaparecimento chocante, Ohm é levado a um confronto aterrorizante com as forças que cercam o local e com os cantos mais sombrios de seu próprio passado.",Terror
For All Mankind,Série,2019.0,https://image.tmdb.org/t/p/w500/JP3DItWMbrrLiKR5AYUfpsNf2b.jpg,Imagine um mundo em que a corrida espacial global nunca chegou ao fim. Essa série dramática de Ronald D. Moore é contada através das vidas dos astronautas da NASA e de suas famílias.,Blockbusters & Fura-Bolha
O Urso,Série,2022.0,https://image.tmdb.org/t/p/w500/tAJYUFaWot3jn5vtDUoxNNIw9aF.jpg,"Carmy, um jovem chefe requintado, volta para Chicago para administrar a lanchonete de sua família. Enquanto ele luta para transformar a loja e a si mesmo, ele trabalha ao lado de uma equipe medíocre que acaba se transformando na sua família.",Ação
Lucky,Série,2026.0,https://image.tmdb.org/t/p/w500/qdobPy3No4Fi3dCzcIDP9n8AjcO.jpg,"Quando um roubo dá errado, a vigarista Lucky é forçada a cair na estrada. Perseguida pelo FBI e por uma mafiosa implacável, Lucky deve lutar pela sua vida. E por uma saída.",Ação
A Um Passo da Guerra,Filme,2026.0,https://image.tmdb.org/t/p/w500/vCIQeQ2ynVqEjIvtbOXGnKtcgAX.jpg,"O presidente Ronald Reagan corre contra o tempo para salvar um acordo com o líder soviético Mikhail Gorbachev que poderia desmantelar os arsenais nucleares ou desencadear um desastre. Com a pressão aumentando de todos os lados, cada palavra dita aproxima o mundo da paz... ou da destruição.",Ação
Marshals: Uma História de Yellowstone,Série,2026.0,https://image.tmdb.org/t/p/w500/kqzWUZKQYomcJhXA5mDcaZFTWiG.jpg,"Com o Rancho Yellowstone no passado, Kayce Dutton junta-se aos Marshals, combinando suas habilidades como cowboy e SEAL para levar justiça a Montana. Ele e seus companheiros servem como a última linha de defesa na guerra contra a violência na região.",Ação
Tarung: Unforgiven,Filme,2026.0,https://image.tmdb.org/t/p/w500/v9ZtOlIJ3HS49UMtS4eli3WMenT.jpg,,Blockbusters & Fura-Bolha
Dancing with the Stars,Série,2005.0,https://image.tmdb.org/t/p/w500/iisHVZ6we56PE4BcV1csB46SbiG.jpg,"Dançarinos profissionais formam pares com celebridades para treinar e competir na dança de salão, recebendo orientações de especialistas ao longo do caminho.",Blockbusters & Fura-Bolha
BLACK TORCH,Série,2026.0,https://image.tmdb.org/t/p/w500/m0Y86byoQXcxbYPdg4pQ8feEjE1.jpg,"Jiro Azuma não é um estudante qualquer. Descendente de ninjas e treinado na antiga arte marcial dos shinobis, também é capaz de se comunicar com os animais. Após um encontro misterioso com um gato ferido chamado Rago, Jiro descobre que o felino é, na verdade, a lendária estrela negra da perdição! Ao lado do serviço secreto, eles enfrentam mononokes que buscam explorar os poderes de Rago.",Blockbusters & Fura-Bolha
Normal,Filme,2026.0,https://image.tmdb.org/t/p/w500/t13MdGCKRZvkmrFW2A7Vih3QjwD.jpg,"O xerife interino Ulysses, chamado à cidade isolada pela neve de Normal, Minnesota, descobre uma conspiração criminosa internacional no coração da aparentemente pitoresca cidadezinha quando ajuda um casal de assaltantes de banco envolvido em uma situação mortal.",Romance
Tales of Herding Gods [Mu Shen Ji],Série,2024.0,https://image.tmdb.org/t/p/w500/jPHitNQ1fuKK6aPZ6eCPiFq9XhG.jpg,"Qin Mu nasceu com um corpo mortal. Depois de passar por provações, ele se tornou o líder da Seita do Demônio Celestial e foi nomeado o primeiro doutor da Academia Imperial pelo Reino Yankang. Durante a rebelião do Reino Yankang, Qin Mu atraiu o deus demônio, o que desencadeou uma grande tempestade. Mais tarde, ele seguiu Wu Khan até o Palácio Dourado de Loulan e lutou contra todos os oponentes no Palácio Sagrado sozinho. Ele retornou a Yankang, auxiliou o professor nacional a suprimir a rebelião e a construir o Canhão Divino Disparador do Sol. Mais tarde, ele herdou o legado do Imperador Humano e se tornou a nova geração do Imperador Humano. Por acaso, Qin Mu aprendeu sobre sua experiência de vida. Com a ajuda de Xiao Yujing e outros da seita taoísta, ele iniciou uma grande era de reforma do taoísmo e poderes mágicos.",Aventura e Fantasia
हैवान,Filme,2026.0,https://image.tmdb.org/t/p/w500/ykXYDPPvoPhTaBeQ90OibCaCOWX.jpg,,Blockbusters & Fura-Bolha
Minotaure,Filme,2026.0,https://image.tmdb.org/t/p/w500/7XH2vaVsishBS0GuCgO3bOXfCaB.jpg,,Blockbusters & Fura-Bolha
Untold - Mr. T: Eu Tenho Pena do Tolo,Filme,2026.0,https://image.tmdb.org/t/p/w500/vuuZsx4O3zKvIdvllQvUWanAhLE.jpg,"Antes das correntes de ouro, do moicano e da fama de Hollywood de The A-Team e Rocky III, havia Laurence Tureaud. Esta é a extraordinária história de origem por trás de um dos ícones mais improváveis ​​e amados do entretenimento – o Sr.",Blockbusters & Fura-Bolha
Pecados e Rosas,Série,2025.0,https://image.tmdb.org/t/p/w500/3Qwhs7xxf9LILllWLnxbSaCBNDf.jpg,,Blockbusters & Fura-Bolha
A Mulher Secreta,Filme,2026.0,https://image.tmdb.org/t/p/w500/3tlLGxQXY6Xqv3Wln8Y63tPhpeF.jpg,"Uma mulher com amnésia descobre que, na verdade, tem marido, filho e uma fortuna de família neste suspense baseado no best-seller de Anna Ekberg.",Blockbusters & Fura-Bolha
O Diabo Veste Prada 2,Filme,2026.0,https://image.tmdb.org/t/p/w500/50yWyY981TyUHhoxxSEKwO70FmQ.jpg,"Miranda Priestly navega por sua carreira em meio ao declínio das publicações tradicionais de revistas. Ela se confronta com Emily Charlton, sua ex-assistente, agora uma influente executiva de um grupo de luxo, que detém verbas publicitárias de que Miranda Priestly precisa desesperadamente.",Blockbusters & Fura-Bolha
டிசி,Filme,2026.0,https://image.tmdb.org/t/p/w500/cB6ZAWK70cR5HVnGK6BaCr8W4FH.jpg,,Blockbusters & Fura-Bolha
Mal de Amores,Série,2026.0,https://image.tmdb.org/t/p/w500/s4JqPzWc6qZy79KWpHzQ8dTWCTJ.jpg,"Durante a Revolução Mexicana, Emilia Sauri corre atrás do sonho de se tornar médica, desafiando as convenções em busca do amor, de um propósito e da independência.",Romance
Elio,Filme,2025.0,https://image.tmdb.org/t/p/w500/2H8k54MWPQtsxWkQhR2HVfT34ty.jpg,"Elio, um garoto oprimido com uma imaginação fértil, acaba sendo transportado acidentalmente para o Comuniverso. Identificado por engano como o embaixador da Terra para o resto do universo, Elio precisará formar novos laços com excêntricas formas de vida alienígenas, sobreviver a uma série de tribulações terríveis e, de alguma forma, descobrir quem ele realmente está destinado a ser.",Ficção Científica
Wardriver,Filme,2026.0,https://image.tmdb.org/t/p/w500/rBZA12Hf4yZZgud6iPuFU49L7zk.jpg,A história de um ladrão brilhante e experiente em tecnologia que é forçado a invadir a conta bancária de uma jovem aparentemente rica e realizar o roubo de quase um milhão de dólares.,Blockbusters & Fura-Bolha
Hamnet: A Vida Antes de Hamlet,Filme,2025.0,https://image.tmdb.org/t/p/w500/njatIGrIlZCxB88UUBC2xgmfCNE.jpg,"Um dos mais importantes escritores do cânone ocidental, William Shakespeare vive uma tragédia ao lado de sua esposa Agnes quando o casal perde o filho de 11 anos para uma das várias pragas que assolaram o século XVI. Hamnet era o nome do menino. Explorando os temas da perda e da morte, o filme acompanha a rotina e o dia a dia de uma família, as alegrias e as tristezas de viver numa pequena vila na Inglaterra do passado e a história de amor poderosa que inspirou a criação da peça Hamlet.",Terror
undertone,Filme,2026.0,https://image.tmdb.org/t/p/w500/2PFgFMnrdCPXWiZl1PUvky7Mo9D.jpg,A apresentadora de um popular podcast paranormal passa a ser assombrada por gravações aterrorizantes misteriosamente enviadas a ela.,Terror
L’inconnue,Filme,2026.0,https://image.tmdb.org/t/p/w500/y2T0tVfF0AHGYo2Bw3C5CkhlS5Y.jpg,,Blockbusters & Fura-Bolha
Leviticus,Filme,2026.0,https://image.tmdb.org/t/p/w500/mxRA0Sgytk7Z1kIBtfxTCGaIact.jpg,Dois adolescentes precisam escapar de uma entidade violenta que assume a forma da pessoa que eles mais desejam — um ao outro.,Blockbusters & Fura-Bolha
A Arca,Série,2023.0,https://image.tmdb.org/t/p/w500/chwOLOn5HJiABTL7hLBsD4WCgHg.jpg,"100 anos no futuro, as missões de colonização planetária começaram como uma necessidade para ajudar a garantir a sobrevivência da raça humana. A primeira dessas missões em uma espaçonave conhecida como Ark One encontra um evento catastrófico que causa destruição em massa e perda de vidas. Faltando mais de um ano para chegar ao planeta-alvo, falta de suprimentos para sustentar a vida e perda de liderança, a tripulação restante deve se tornar a melhor versão de si mesma para permanecer no curso e sobreviver.",Ficção Científica
Aşk ve Taht,Série,2026.0,https://image.tmdb.org/t/p/w500/bOZ1DblgHgesrxLS2NM1gV8LIGH.jpg,,Blockbusters & Fura-Bolha
X-Men '97,Série,2024.0,https://image.tmdb.org/t/p/w500/yvqC5hw3rkW9vputtZ8PlwYhJRp.jpg,"X-Men ’97 revisita a era icônica dos anos 1990, quando os X-Men, um grupo de mutantes que usam seus dons extraordinários para proteger um mundo que os odeia e teme, são desafiados como nunca antes, forçados a enfrentar um novo futuro perigoso e inesperado.",Ficção Científica
100 Namoradas Que Te Amam Muuuuuito,Série,2023.0,https://image.tmdb.org/t/p/w500/hZSsLnmxoWq6Q6nkjAxlkPlAfq4.jpg,"Rentaro Aijo levou 100 foras ao longo do ensino fundamental. Então, ele visita um santuário e reza por melhor sorte no ensino médio. O Deus do Amor aparece para ele e lhe promete que em breve conhecerá 100 pessoas que está destinado a namorar. Mas há um problema: uma vez que o destino apresenta alguém a ele, os dois precisam se amar alegremente. Caso contrário, eles morrerão. O que acontecerá com Rentaro e suas 100 namoradas no ensino médio?",Romance
Evlilik Güzeldir,Série,2026.0,https://image.tmdb.org/t/p/w500/kMEUr1CH5fGmeae3rVP4xDfD9t3.jpg,,Blockbusters & Fura-Bolha
Clevatess,Série,2025.0,https://image.tmdb.org/t/p/w500/avajalKjBP5QjwIEb5Xs8QXg1K.jpg,"A história acompanha o protagonista Rei Demônio, que está sendo caçado por 13 heróis, incluindo Alicia, que sonha em ser uma heroína desde criança... Depois de tentar assassinar o Rei Demônio, os heróis causam mais problemas para as raças humanas, encontrando apenas uma maneira de salvar a humanidade: confiar um único bebê ao Rei Demônio Clevatess.",Blockbusters & Fura-Bolha
Brothers Under Fire,Filme,2026.0,https://image.tmdb.org/t/p/w500/e5EKqk9V7N3w0WvYFhl6wSVrMp0.jpg,,Blockbusters & Fura-Bolha
I Love Boosters,Filme,2026.0,https://image.tmdb.org/t/p/w500/4pNKIUFy7tkZiBx0rnSmG9ysRy.jpg,"A história segue Corvette (Keke Palmer), uma aspirante a estilista que lidera um grupo de ladras de lojas. Quando uma implacável magnata da moda, Christie Smith (Demi Moore), rouba um de seus designs, o grupo planeja assaltar todo o estoque da magnata, o que acaba desencadeando um movimento global de trabalhadores que vão revendê-las a preços acessíveis para a comunidade local.",Blockbusters & Fura-Bolha
Chainsmoker Cat,Série,2026.0,https://image.tmdb.org/t/p/w500/1OEYjA3bpPlXNPwV51WJhGWx8Mk.jpg,Yani não consegue parar em nenhum emprego nem pagar o aluguel. Ela só pensa em fumar. Mas a preocupação das pessoas próximas vai obrigar a garota a mudar de vida.,Ação
Motor City,Filme,2026.0,https://image.tmdb.org/t/p/w500/djQDbncuITRUOheWun2oecgLIDW.jpg,Um criminoso recém-libertado busca vingança contra aqueles que o incriminaram e o colocaram na cadeia.,Blockbusters & Fura-Bolha
Little Lorraine,Filme,2026.0,https://image.tmdb.org/t/p/w500/rUzBqWq7idfMTBLCWs55Hkt9lpq.jpg,,Blockbusters & Fura-Bolha
Escândalo e Intriga,Série,2026.0,https://image.tmdb.org/t/p/w500/fPXgwURa9dRRJDA8JzYT4K2aAaI.jpg,"Na era Joseon, uma proposta secreta desperta desejos ocultos em uma nobre talentosa, seu amante e uma mulher envolvida no jogo perigoso entre o casal.",Romance
O Sorveteiro,Filme,2026.0,https://image.tmdb.org/t/p/w500/3qbjuaIhlfInBd9C85yv1ss50mq.jpg,"Um sorveteiro misterioso distribui um doce amaldiçoado que transforma crianças em assassinas, sedentas por sangue e sem piedade com os adultos. Enquanto o massacre toma conta das ruas, três jovens que escaparam por pouco da maldição correm contra o tempo para descobrir a origem desse homem e impedir que a matança se espalhe, antes que não sobre ninguém vivo.",Terror
NCIS: Investigação Naval,Série,2003.0,https://image.tmdb.org/t/p/w500/abjNx4jqvaJn5UvsuLaBVRVndyJ.jpg,"Sob o exemplar comando de Leroy Jethro Gibbs, uma equipe de agentes especiais investiga crimes relacionados com a Marinha dos Estados Unidos.",Ação
Outer Banks,Série,2020.0,https://image.tmdb.org/t/p/w500/ovDgO2LPfwdVRfvScAqo9aMiIW.jpg,"Em uma ilha com moradores pobres e ricos, John B e sua turma vivem aventuras cheias de mistério em busca de um tesouro perdido.",Aventura e Fantasia
O Documentário da IA: Ou Como Me Tornei Otimista Diante do Apocalipse,Filme,2026.0,https://image.tmdb.org/t/p/w500/4RUcIektEM9ozTUPy1O2arNetgy.jpg,"Prestes a ser pai, um homem investiga a IA, entrevistando empresários e especialistas para entender como ela poderia afetar a vida de seu filho e o futuro da humanidade.",Ficção Científica
Cem Anos de Solidão,Série,2024.0,https://image.tmdb.org/t/p/w500/7wzqSXKqa7CVnyVz8dSHrVeRf16.jpg,"Na pacata cidade de Macondo, sete gerações da família Buendía vivem o amor, o esquecimento e a impossibilidade de fugir do passado e do próprio destino.",Romance
Tatort,Série,1970.0,https://image.tmdb.org/t/p/w500/j73WOp6ArCy8vK4vreIdSunoXAr.jpg,"Um dos seriados mais famosos e populares na Alemanha se chama TATORT e é um seriado policial. A série é transmitida todos os domingos com cada episódio durando 90 minutos, sem nenhum comercial! A série existe desde os anos 70. A Alemanha não produz muitas séries, as séries americanas lá, tem um espaço reservado e especial para os alemães.",Ficção Científica
Meu Idol é Meu Chefe,Série,2026.0,https://image.tmdb.org/t/p/w500/b5jBoSQ7CW1zDJURuctD30mATuO.jpg,"Uma fã fervorosa consegue um emprego em uma empresa de moda, apenas para descobrir que ela foi cofundada por seu maior ídolo. Determinada a manter o profissionalismo, ela esconde sua identidade, mas logo tem seus planos abalados pelo CEO da empresa, um verdadeiro viciado em trabalho. À medida que sentimentos secretos não correspondidos e conflitos pessoais ocultos envolvem o trio, ela se vê dividida entre a obsessão de uma vida inteira e uma nova conexão inesperada.",Blockbusters & Fura-Bolha
Link Click,Série,2021.0,https://image.tmdb.org/t/p/w500/8uBae3fsFRhYNrNBxuWJCXlBFKE.jpg,"Em uma metrópole moderna, há uma pequena loja chamada ""Time Photo Studio"". Embora apenas alguns clientes venham visitá-lo, na verdade ele é administrado por Cheng Xiaoshi e Lu Guang, dois homens com poderes especiais. Eles cooperam e usam seus superpoderes para entrar nas fotos a fim de atender ao pedido do cliente. Porém, as coisas sempre fogem de seu controle...",Blockbusters & Fura-Bolha
Kuruluş: Orhan,Série,2025.0,https://image.tmdb.org/t/p/w500/1kEgzEvhJmw5eSxuGwn0o1cgHlK.jpg,,Blockbusters & Fura-Bolha
A Última Casa,Filme,2026.0,https://image.tmdb.org/t/p/w500/AqOwuZ4X0Ssi3LIsYqXNw52IIvW.jpg,Uma família trancada misteriosamente na própria casa precisa se unir para sobreviver à escassez de recursos e à força sombria que a mantém presa.,Blockbusters & Fura-Bolha
Mulheres de Azul,Série,2024.0,https://image.tmdb.org/t/p/w500/ghXx9P0LZ7PoLX6YfVz4HbU4QOP.jpg,"Em 1971, quatro mulheres desafiam as normas ultraconservadoras e juntam-se à primeira força policial feminina do México, o que acaba sendo uma jogada publicitária para distrair a imprensa de um assassino em série. Conforme o número de vítimas aumenta, elas fazem um pacto para levar o assassino à justiça.",Terror
A Leste do Palácio,Série,2026.0,https://image.tmdb.org/t/p/w500/qxn0dgt6k0yOH3CIFqmGRwSBZYO.jpg,O rei convoca um homem com acesso ao mundo espiritual e uma dama capaz de ouvir os mortos. Será que eles conseguem desvendar os segredos sombrios do palácio?,Terror
O Monstro em Mim,Série,2025.0,https://image.tmdb.org/t/p/w500/quCj9ztr4vhuHtvxV7ISIAHQPln.jpg,"Uma escritora famosa se envolve em um estranho jogo mental com seu novo vizinho, um homem rico e poderoso que pode ser um assassino.",Terror
O Agente Secreto,Filme,2025.0,https://image.tmdb.org/t/p/w500/t1DQ4XXIqTm5LvUjz8jypN43JjZ.jpg,"No Brasil de 1977, Marcelo, um especialista em tecnologia fugindo de um passado misterioso, volta ao Recife em busca de um pouco de paz, mas percebe que a cidade está longe de ser o refúgio que procura.",Ação
Demon Slayer: Kimetsu no Yaiba Castelo Infinito,Filme,2025.0,https://image.tmdb.org/t/p/w500/41XdjOXGQoH0HTDNqEfwKGvGgwm.jpg,"Enquanto os membros dos caçadores e os Hashira participavam de um rigoroso programa de fortalecimento coletivo, conhecido como Treinamento dos Hashira, em preparação para a batalha final contra os demônios, Muzan Kibutsuji aparece na Mansão Ubuyashiki. Com a vida do líder da organização em risco, Tanjiro e os Hashira correm até o quartel-general, mas acabam sendo lançados, pelas mãos de Muzan, em uma queda profunda rumo a um espaço misterioso para um confronto final, o Castelo Infinito.",Ficção Científica
Golpe Explosivo,Filme,2026.0,https://image.tmdb.org/t/p/w500/9ZxbfDA3OCcwAFwIgOGC4Rauogn.jpg,"O centro de Londres entra em pânico com a descoberta de uma bomba da Segunda Guerra Mundial não detonada em um canteiro de obras. Em meio ao caos de uma evacuação em massa, uma quadrilha de criminosos inicia um assalto audacioso.",Ação
The Revolutionaries,Série,2026.0,https://image.tmdb.org/t/p/w500/5fLyYAxXWP4BxZCBN79NV1eiT4d.jpg,,Blockbusters & Fura-Bolha
Pinóquio: Maldição de Madeira,Filme,2026.0,https://image.tmdb.org/t/p/w500/wgO649swkzsI58q3ikpxYNvkwv7.jpg,"O boneco de madeira Pinóquio é trazido à vida por forças macabras. Distante da inocência original, sua jornada para se tornar um menino de verdade é marcada por violência e vingança. À medida que Pinóquio persegue brutalmente aqueles que cruzam seu caminho, antigos laços familiares são distorcidos em horrores impensáveis.",Terror
Saga of Tanya the Evil,Série,2017.0,https://image.tmdb.org/t/p/w500/y0NcqaEx6Md4MPcDWHAr8e5CQfF.jpg,"Junho de 1923. Uma jovem garota loira de olhos azuis, Tanya Degurechaff, estuda no último nível na Academia Militar Imperial e treina na terceira linha de patrulha do distrito militar do norte, o Norden Theater, como parte de seu serviço para as forças armadas. Na transição, Tanya é apontada para tarefas de observação, mas um ataque surpresa força Tanya a entrar em combate com as tropas de magos da Federação. Tanya está em menor número e não resistirá até a chegada de reforços, mas não pode fugir, sob pena de ser condenada ao crime de deserção.",Ação
JoJo's Bizarre Adventure,Série,2012.0,https://image.tmdb.org/t/p/w500/2Sc0veFPh9CcHMtNqMyiQqIW9ZF.jpg,"A saga que se inicia na Inglaterra do século XIX, contando a rivalidade entre Jonathan Joestar, um jovem aristocrata, e Dio Brando, um garoto plebeu que foi acolhido pelo pai de Jonathan quando tornou-se órfão. Insatisfeito com sua posição social, a ambição insaciável e o desejo de dominação de Dio o levam a estudar os poderes sobrenaturais de uma antiga máscara asteca de pedra presente na mansão dos Joestar - um artefato que mudará para sempre o destino de Dio e das futuras gerações dos Joestar.",Ação
The Missing Piece,Série,2026.0,https://image.tmdb.org/t/p/w500/zhPRlmYHRwQW1KHkuAPGnKmZTBQ.jpg,"Após um acidente, Shen Mo perde a memória e confunde Ji Mingxuan, seu salvador, com seu namorado. Quando recupera as lembranças, esquece os seis meses que passaram juntos. Para mantê-lo ao seu lado, Ji Mingxuan propõe um contrato de amantes por três anos, mas os sentimentos entre eles podem ser mais fortes que qualquer acordo.",Romance
特立独行,Filme,2026.0,https://image.tmdb.org/t/p/w500/cyzcsp95W2Op3G5Gb8S2cPEnSc2.jpg,,Blockbusters & Fura-Bolha
Mentes Criminosas,Série,2005.0,https://image.tmdb.org/t/p/w500/trZTeHWcWDn6adkBBuSwfIhxAJn.jpg,"Um esquadrão de elite do FBI estuda as maiores mentes criminosas, antecipando seus próximos passos, antes que eles ataquem novamente. A fim de identificar as motivações dos criminosos e detê-los, cada membro da equipe usa a experiência que possui.",Blockbusters & Fura-Bolha
Grey's Anatomy,Série,2005.0,https://image.tmdb.org/t/p/w500/vrChGRs0DsoCoaeHif8PlZY637Q.jpg,"Os médicos do Grey Sloan Memorial Hospital lidam diariamente com casos e consequências de vida ou morte. É um no outro que eles encontram apoio, conforto, amizade e, às vezes, até mais que amizade... Juntos, eles descobrem o quanto a vida profissional e a pessoal podem ser complicadas e se misturarem no meio do caminho.",Terror
Fjord,Filme,2026.0,https://image.tmdb.org/t/p/w500/od5PWXCT4KhZ9ekVbnmq8kEWBjO.jpg,,Blockbusters & Fura-Bolha
Shrouding the Heavens,Série,2023.0,https://image.tmdb.org/t/p/w500/z9JNGlJ8eGy6S6SOlBhpmxjjXGT.jpg,"A história tomou os nove dragões e o caixão como uma introdução e trouxe um enorme mundo de eras primitivas. Subindo a estrada do céu e cantando canções, para ver como Ye Fan envolverá os céus.",Blockbusters & Fura-Bolha
Kaiju No. 8,Série,2024.0,https://image.tmdb.org/t/p/w500/A6JOsCdFFTxtbDnKAfE0iY6jOiE.jpg,"Com as maiores taxas de surgimento de kaijus no mundo, o Japão está acostumado a ataques de monstros mortais. É aí que entra a Força de Defesa do Japão, uma organização militar encarregada de neutralizar essas criaturas. Kafka Hibino, um trabalhador responsável pela limpeza de carcaças de kaijus, sempre sonhou em integrar a força. Mas, ao ganhar uma nova chance de realizar seu sonho de infância, ele passa por uma transformação inesperada. Como ele poderá combater os kaijus agora que se tornou um deles?!",Terror
济公之降龙除妖,Série,2026.0,https://image.tmdb.org/t/p/w500/3lhWnNt9d2jBeiYvk3QkTCvdzSY.jpg,,Blockbusters & Fura-Bolha
Young Ladies Don't Play Fighting Games,Série,2026.0,https://image.tmdb.org/t/p/w500/zGNd9CG8RKovJXD2vDAPoE8bOzm.jpg,"Mitsuki Aya tem um único objetivo na seletiva Academia Feminina Kuromi: se tornar uma jovem refinada como a impecável ""Lírio Branco"" da escola, Yorue Mio. Mas a imagem que Aya tem de Mio desmorona quando ela a flagra, por acaso, jogando… jogos de luta?! Acontece que a elegante Mio é, na verdade, uma jogadora fanática… e quer duelar com Aya! A batalha (e a amizade entre elas) começa!",Ação
La Vénus électrique,Filme,2026.0,https://image.tmdb.org/t/p/w500/AggflwFPVo6RL7HDLUVnDmJZxCC.jpg,,Blockbusters & Fura-Bolha
Dark Hollow,Filme,2026.0,https://image.tmdb.org/t/p/w500/fMbhJKv5bvVnh9HUwm1mTKmZdeZ.jpg,"Quando um monstro assustador emerge das profundezas de uma mina de carvão dos Apalaches, uma jovem mãe deve caçar a criatura para proteger sua casa e salvar sua família.",Terror
You and I Are Polar Opposites,Série,2026.0,https://image.tmdb.org/t/p/w500/lLjcMT7fwuO5fgswb2drlbFwoTJ.jpg,"Suzuki é uma garota animada e sociável, apaixonada pelo colega Yusuke Tani. O problema é que ele é o oposto completo: quieto, reservado e indiferente ao que os outros pensam. Será que Suzuki conseguirá vencer sua timidez e se declarar, ou descobrirá que os opostos realmente não se atraem?",Blockbusters & Fura-Bolha
CIA,Série,2026.0,https://image.tmdb.org/t/p/w500/8XbgWv137Umc8resTDeWh9ff7Y0.jpg,A série acompanha a parceria entre um agente do FBI e um oficial de operações da CIA que trabalham juntos em uma força-tarefa clandestina para prevenir o terrorismo doméstico em Nova York.,Terror
Harry Potter e a Pedra Filosofal,Filme,2001.0,https://image.tmdb.org/t/p/w500/4rtsbE9aQ1qw4gv7yYwaNYfWFoS.jpg,"Harry Potter é um garoto órfão que vive infeliz com seus tios, os Dursley. Em seu aniversário de 11 anos ele recebe uma carta que mudará sua vida: um convite para ingressar em Hogwarts, uma Escola de Magia e Bruxaria.",Comfort Movies
Harry Potter e a Câmara Secreta,Filme,2002.0,https://image.tmdb.org/t/p/w500/811j0Jf2D0mK1U6RxXJoZgOB29n.jpg,"De férias na casa de seus tios, Harry Potter recebe a visita de Dobby, um elfo doméstico, que veio avisá-lo para não retornar à Escola de Magia e Bruxaria de Hogwarts, pois lá correrá um grande perigo. Harry não lhe dá ouvidos e decide retornar aos estudos, enfrentando um segundo ano recheado de novidades. Uma delas é a contratação de um novo professor, Gilderoy Lockhart, um grande galã que não perde uma oportunidade de fazer marketing pessoal. Porém, o aviso de Dobby se confirma e logo toda Hogwarts está envolvida em um mistério que resulta no aparecimento de alunos petrificados.",Comfort Movies
Harry Potter e o Cálice de Fogo,Filme,2005.0,https://image.tmdb.org/t/p/w500/5oWB3hjzyECRBAjgWkmZinxl9qA.jpg,"Em seu 4º ano na Escola de Magia e Bruxaria de Hogwards, Harry Potter é misteriosamente selecionado para participar do Torneio Tribruxo, uma competição internacional em que precisará enfrentar alunos mais velhos e experientes de Hogwards e também de outras escolas de magia. Além disso a aparição da marca negra de Voldemort ao término da Copa Mundial de Quadribol põe a comunidade de bruxos em pânico, já que sinaliza que o temido bruxo está prestes a retornar.",Comfort Movies
Harry Potter e o Prisioneiro de Azkaban,Filme,2004.0,https://image.tmdb.org/t/p/w500/1HdMUghqlgOIvbsU9ZtO40IPRzl.jpg,"É o início do terceiro ano na escola de magia e bruxaria de Hogwarts. Harry, Ron e Hermione têm muito o que aprender. Mas uma ameaça ronda a escola e ela se chama Sirius Black. Após doze anos encarcerado na prisão de Azkaban, ele consegue escapar e volta para vingar seu mestre, Lord Voldemort. Para piorar, os Dementores, guardas supostamente enviados para proteger Hogwarts e seguir os passos de Black, parecem ser ameaças ainda mais perigosas.",Comfort Movies
Harry Potter e a Ordem da Fênix,Filme,2007.0,https://image.tmdb.org/t/p/w500/tIf9aUyNljda9MG1pjlOLHCZ3b0.jpg,"Lord Voldemort está de volta, mas o Ministério da Magia está fazendo tudo a seu alcance para impedir que a comunidade mundial de bruxos descubra isso – incluindo indicar a oficial do Ministério, Dolores Umbridge, como a nova professora de Defesa Contra as Artes das Trevas de Hogwarts. Quando Umbridge se recusa a ensinar a prática de mágica defensiva, Rony e Hermione convencem Harry a secretamente treinar um grupo de estudantes para a guerra de magia que está prestes a estourar.",Comfort Movies
Harry Potter: Bruxos da Confeitaria,Série,2024.0,https://image.tmdb.org/t/p/w500/sHWP4BkxDCV3oOBulGfZsLCdBro.jpg,Os padeiros criam designs de bolos inspirados nos filmes e cenários de Harry Potter em uma competição mágica que mostra suas habilidades e criatividade.,Comfort Movies
Harry Potter e o Enigma do Príncipe,Filme,2009.0,https://image.tmdb.org/t/p/w500/hTQQ5l9mxA3Rob8PTyvrNNGuj6y.jpg,"À medida que Lord Voldemort aumenta seu controle sobre o mundo Trouxa e bruxo, Hogwarts não é mais um local seguro. Harry suspeita que haja perigos dentro do castelo, mas Dumbledore está mais empenhado em prepará-lo para a batalha final que se aproxima rapidamente. Juntos, eles trabalham para encontrar a chave para desbloquear as defesas de Voldemort e, para esse fim, Dumbledore recruta seu velho amigo e colega Horácio Slughorn, que ele acredita possuir informações cruciais. Mesmo quando o confronto decisivo se aproxima, o romance floresce para Harry, Ron, Hermione e seus colegas de classe. O amor está no ar, mas o perigo está por vir e Hogwarts pode nunca mais ser a mesma.",Comfort Movies
Harry Potter e as Relíquias da Morte - Parte 2,Filme,2011.0,https://image.tmdb.org/t/p/w500/yD3VosOVW8WxPUzBDpEdzfv5pGx.jpg,"No final épico, a batalha entre as forças do bem e do mal no mundo da bruxaria toma proporções de uma guerra mundial. As apostas nunca foram tão altas e ninguém está a salvo. Mas é harry que pode ser convocado para fazer um derradeiro sacrifício, à medida que ele se aproxima cada vez mais do confronto final com Lorde Voldemort. Tudo termina aqui.",Comfort Movies
Harry Potter e as Relíquias da Morte - Parte 1,Filme,2010.0,https://image.tmdb.org/t/p/w500/67FVFOTaeBUQnimhCWpUkDawDct.jpg,"Harry, Ron e Hermione estão determinados em sua missão de descobrir e acabar com o segredo da imortalidade e do poder de destruição de Voldemort – os Horcruxes. Fugitivos e sozinhos, os três amigos devem apenas contar uns com os outros, agora mas do que nunca... Mas as Forças das Trevas no caminho ameaçam separá-los para sempre.",Comfort Movies
Harry Potter: The Official Film Podcast,Série,2026.0,https://image.tmdb.org/t/p/w500/o7ghEW1ZkTyhCUf85zeTzsWmnJS.jpg,,Comfort Movies
Comemoração de 20 anos de Harry Potter: De Volta a Hogwarts,Filme,2022.0,https://image.tmdb.org/t/p/w500/bhY813zHKJStgUwl9kfBA3WDDPS.jpg,"Uma encantadora história de making-of contada por meio de novas entrevistas em profundidade e conversas com o elenco, convidando os fãs a uma jornada mágica em primeira pessoa através de uma das franquias de filmes mais amadas de todos os tempos.",Comfort Movies
Harry Potter: O Campeonato das Casas de Hogwarts,Série,2021.0,https://image.tmdb.org/t/p/w500/93yokFX7LQQDN4IwhtZqByvtzGx.jpg,Este evento especial de quatro partes revelará fãs do mundo bruxo que estão dispostos a colocar seus conhecimentos sobre Harry Potter à prova para receber a grande honra de ser nomeado campeão da Taça das Casas.,Comfort Movies
Harry Potter: Uma História da Magia,Filme,2017.0,https://image.tmdb.org/t/p/w500/y1X20YWEyMpWcpYRwkgmTpYDFX2.jpg,"Uma emocionante jornada por lendas, crenças e folclore, este filme vai aos bastidores da Biblioteca Britânica contar essa história através de uma nova e ambiciosa exposição: Harry Potter: A History Of Magic. J.K. Rowling, que está cedendo manuscritos inéditos, desenhos e rascunhos de seus arquivos particulares (que ficarão ao lado de tesouros da Biblioteca Britânica, bem como rascunhos e desenhos originais de Jim Kay) fala sobre alguns dos itens pessoais que ela cedeu para a exposição e dá uma nova visão sobre sua escrita, olhando para alguns dos objetos da exposição que estimularam sua imaginação.",Comfort Movies
50 Greatest Harry Potter Moments,Filme,2011.0,https://image.tmdb.org/t/p/w500/g1xiBoLD6v3ZaXPa4QtuXiQeYKW.jpg,,Comfort Movies
Harry Potter: Fireplace,Filme,2022.0,https://image.tmdb.org/t/p/w500/kxMkjlxgQl9yJZUu9WV9jWSHpf9.jpg,,Comfort Movies
The Magic Touch of Harry Potter,Filme,2004.0,https://image.tmdb.org/t/p/w500/gwFARNYf1Odv3E8ESVHyikXmMIY.jpg,,Comfort Movies
Daniel Radcliffe: Being Harry Potter,Filme,2012.0,https://image.tmdb.org/t/p/w500/4keobTsQVrMS2JwE3TRod0SrYTD.jpg,,Comfort Movies
Icons Unearthed: Harry Potter,Série,2024.0,https://image.tmdb.org/t/p/w500/eHKiW3t0Awt4DKxOW2HIPqopV7Q.jpg,,Comfort Movies
Harry Potter: Witchcraft Repackaged,Filme,2001.0,https://image.tmdb.org/t/p/w500/jYDw8YYyGpTMs9O91KefxSwx4hd.jpg,,Comfort Movies
Capitã Marvel,Filme,2019.0,https://image.tmdb.org/t/p/w500/n3BisLdTMceUWcdP1ooP5VwN9JF.jpg,"Capitã Marvel, parte do exército de elite dos Kree, uma raça alienígena, encontra-se no meio de uma batalha entre seu povo e os Skrulls. Ao tentar impedir uma invasão de larga escala na Terra, em 1995, ela tem memórias recorrentes de uma outra vida, como Carol Danvers, agente da Força Aérea norte-americana. Com a ajuda de Nick Fury, Capitã Marvel precisa descobrir os segredos de seu passado e pôr um fim ao conflito intergalático com os Skrulls.",Universo Marvel (MCU)
Marvel - Demolidor,Série,2015.0,https://image.tmdb.org/t/p/w500/x7zUHG5cko4ZXQO2209Qc2aoyrc.jpg,"Cego desde pequeno, Matt Murdock luta contra a injustiça durante o dia como advogado e à noite nas ruas de Hell’s Kitchen, Nova York.",Universo Marvel (MCU)
Marvel - O Justiceiro,Série,2017.0,https://image.tmdb.org/t/p/w500/hKPDE2pDlA7dOwuf05uTFUjDxxX.jpg,"O ex-marine Frank Castle só quer punir os criminosos responsáveis pela morte da sua família, mas torna-se alvo de uma conspiração militar.",Universo Marvel (MCU)
Marvel Zumbis,Série,2025.0,https://image.tmdb.org/t/p/w500/aTgFMz0CSVCDCgq0e93X0oNT2Dp.jpg,"Depois que os Vingadores foram dominados por uma praga zumbi, um grupo desesperado de sobreviventes descobre a chave para acabar com os mortos-vivos superpoderosos, percorrendo uma paisagem distópica e arriscando a vida e os membros para salvarem seu mundo.",Universo Marvel (MCU)
Lendas da Marvel,Série,2021.0,https://image.tmdb.org/t/p/w500/5GKRz38rqy2B45fj3T4MR6sJxAm.jpg,"Revisite os heróis, vilões e momentos épicos de todo o Universo Cinematográfico Marvel em preparação para as histórias altamente esperadas que ainda estão por vir.",Universo Marvel (MCU)
Marvel Studios - Avante,Série,2021.0,https://image.tmdb.org/t/p/w500/5vka0VyfgB7xNUAdQ3dOmwBeBdQ.jpg,"Uma nova série de documentários especiais que revelará os bastidores das séries e filmes do MCU, acompanhando os cineastas, elenco e equipe, e os heróis da Marvel a cada passo do caminho.",Universo Marvel (MCU)
Ms. Marvel,Série,2022.0,https://image.tmdb.org/t/p/w500/8Rzkt43GnMyTN0srvn3Z4u7C7VU.jpg,"Kamala Khan é uma adolescente muçulmana de Jersey City. Ela adora jogar videogames e escrever fanfictions, além de ser fã de super-heróis e ter uma imaginação sem limites – especialmente quando se trata da Capitã Marvel. Kamala sente que não se encaixa na escola e, às vezes, nem mesmo em casa. Mas um dia ela descobre que tem superpoderes como os heróis que sempre admirou... e a vida fica bem melhor com superpoderes, não é?",Universo Marvel (MCU)
Marvel - Jessica Jones,Série,2015.0,https://image.tmdb.org/t/p/w500/oxnWofiE9fHOgUfs9NJa6nG6NTR.jpg,"Assombrada pelos traumas do passado, Jessica Jones usa seus poderes como detetive particular para encontrar e deter o perverso Kilgrave.",Universo Marvel (MCU)
Os Super-Heróis da Marvel,Série,1966.0,https://image.tmdb.org/t/p/w500/nkY0h3WxWWKIxrcpUJdziMV3IN3.jpg,"Esta série animada, caracterizada por uma animação extremamente limitada, apresenta cinco dos heróis superpoderosos mais populares da Marvel Comics: o Incrível Hulk, o Poderoso Thor, o Capitão América, o Homem de Ferro e o Príncipe Namor (Sub-Mariner).",Universo Marvel (MCU)
Marvel - Agente Carter,Série,2015.0,https://image.tmdb.org/t/p/w500/fpeMeA3b54TuPVSsnk03ZxlYCDF.jpg,"Depois de perder o Capitão América, amor de sua vida, Peggy Carter entra para uma sociedade de combate ao crime e recebe as mais perigosas missões.",Universo Marvel (MCU)
Inumanos da Marvel,Série,2017.0,https://image.tmdb.org/t/p/w500/6MfdrtyKKlGnG3XQgbq7x7V1YMl.jpg,"Após um golpe militar na cidade secreta de Attilan, uma família real de super-humanos liderada pelo Raio Negro é obrigada a se refugiar na Terra.",Universo Marvel (MCU)
Agentes da S.H.I.E.L.D. da Marvel,Série,2013.0,https://image.tmdb.org/t/p/w500/dzBRO3W0zFPegtGeAbfkyEfNpTC.jpg,"Agente Phil Coulson da S.H.I.E.L.D. (Superintendência Humana de Intervenção, Espionagem, Logística e Dissuasão) reúne uma equipe de agentes para investigar o novo, o estranho e o desconhecido em todo o mundo, protegendo o comum do extraordinário.",Universo Marvel (MCU)
Os Vingadores Unidos,Série,2013.0,https://image.tmdb.org/t/p/w500/tCyp6aqOhqGxg6dU0OOIPhOAAne.jpg,"Liderados pelo Homem de Ferro, os heróis mais poderosos da Marvel - Hulk, Thor, Capitão América, Gavião Arqueiro, Falcão e Viúva Negra - reúnem seus poderes para combater ameaças que nenhum herói poderia aguentar.",Universo Marvel (MCU)
Marvel - Luke Cage,Série,2016.0,https://image.tmdb.org/t/p/w500/yzM1hMB3PUJqbISX0f421b3xOjB.jpg,"Um ex-presidiário com pele indestrutível luta para limpar seu nome e salvar o bairro onde vive. Ele não queria confusão, mas a população precisava muito de um herói.",Universo Marvel (MCU)
"Fugitivos, da Marvel",Série,2017.0,https://image.tmdb.org/t/p/w500/iixkIE4sjRGmskHAgMb2tPJofZE.jpg,"Depois de descobrir um segredo terrível sobre seus pais, seis jovens de Los Angeles se unem contra eles. Agora eles precisam balancear amizade, romance e superpoderes.",Universo Marvel (MCU)
Marvel: Homem-Aranha,Série,2017.0,https://image.tmdb.org/t/p/w500/ouka0JpyCsFcYi9pijGR47nVfRK.jpg,"Um adolescente inseguro mas corajoso e inteligente chamado Peter Parker, é picado por uma aranha radioativa e recebe poderes. Ele se torna um herói chamado Homem-Aranha.",Universo Marvel (MCU)
Marvel - Guardiões da Galáxia,Série,2015.0,https://image.tmdb.org/t/p/w500/dfmZmz7tSUo0FTkSG4TW0kuxOeg.jpg,Um grupo de foragidos desajustados entram em aventuras repletas de ação para tentar trazer paz à Galáxia.,Universo Marvel (MCU)
LEGO Marvel Vingadores: Histórias Estranhas,Série,2025.0,https://image.tmdb.org/t/p/w500/abSc3vNS0ggfwlaUJ8VEJV5vaS.jpg,"Gavião Arqueiro e os Vingadores fazem salvar o mundo parecer fácil. Mas agora eles enfrentam sua maior ameaça até o momento: as redes sociais. Para salvar o mundo, uma nova equipe precisa ser recrutada para ajudar nossos heróis a lidar com um influenciador determinado a causar destruição catastrófica.",Universo Marvel (MCU)
Assassímio da Marvel,Série,2021.0,https://image.tmdb.org/t/p/w500/Acm75Xeu4QQ3KxNBV46tblBcvxn.jpg,"O clã de um macaco da neve japonês conhece um assassino preso, Bryce, e o cuida de volta à saúde. Mas quando Bryce é morto, cabe ao símio titular (guiado pelo fantasma de Bryce) seguir seus passos de assassino e buscar vingança.",Universo Marvel (MCU)
Marvel - Os Defensores,Série,2017.0,https://image.tmdb.org/t/p/w500/shjEMJJuDmEK2jII264eiOOLz7N.jpg,"Demolidor, Jessica Jones, Luke Cage e Punho de Ferro unem forças quando uma conspiração ameaça Nova York.",Universo Marvel (MCU)
Os Vingadores: The Avengers,Filme,2012.0,https://image.tmdb.org/t/p/w500/PtSapjHdDjlVcsqdEo0u7rDE6i.jpg,"Loki, o irmão de Thor, ganha acesso ao poder ilimitado do cubo cósmico ao roubá-lo de dentro das instalações da S.H.I.E.L.D. Nick Fury, o diretor desta agência internacional que mantém a paz, logo reúne os únicos super-heróis que serão capazes de defender a Terra de ameaças sem precedentes. Homem de Ferro, Capitão América, Hulk, Thor, Viúva Negra e Gavião Arqueiro formam o time dos sonhos de Fury, mas eles precisam aprender a colocar os egos de lado e agir como um grupo em prol da humanidade.",Universo Marvel (MCU)
Vingadores: Ultimato,Filme,2019.0,https://image.tmdb.org/t/p/w500/q6725aR8Zs4IwGMXzZT8aC8lh41.jpg,"Após os eventos devastadores de ""Vingadores: Guerra Infinita"", o universo está em ruínas devido aos esforços do Titã Louco, Thanos. Com a ajuda de aliados remanescentes, os Vingadores devem se reunir mais uma vez a fim de desfazer as ações de Thanos e restaurar a ordem no universo de uma vez por todas, não importando as consequências.",Universo Marvel (MCU)
Vingadores: Guerra Infinita,Filme,2018.0,https://image.tmdb.org/t/p/w500/A4kvp7vY1BDLrrQIagRCffLKj1t.jpg,"Homem de Ferro, Thor, Hulk e os Vingadores se unem para combater seu inimigo mais poderoso, o maligno Thanos. Em uma missão para coletar todas as seis pedras infinitas, Thanos planeja usá-las para infligir sua vontade maléfica sobre a realidade.",Universo Marvel (MCU)
Os Vingadores,Série,1961.0,https://image.tmdb.org/t/p/w500/7D2DosFWqmNc0vfZJPqwY5uIvsR.jpg,Um homem decide entrar para o mundo da espionagem por vingança e conta com a ajuda de sua fiel companheira para nocautear os inimigos.,Universo Marvel (MCU)
Vingadores: Era de Ultron,Filme,2015.0,https://image.tmdb.org/t/p/w500/uvzqTsRmUzk9mJVzX8cMSWMyM5l.jpg,"Ao tentar proteger o planeta de ameaças, Tony Stark constrói um sistema de inteligência artificial que cuidaria da paz mundial. O projeto acaba dando errado e gera o nascimento do Ultron. Com o destino da Terra em jogo, os Vingadores terão que se unir para mais uma vez salvar a raça humana da extinção.",Universo Marvel (MCU)
Vingadores: Guerras Secretas,Filme,2027.0,https://image.tmdb.org/t/p/w500/yEYe1GoYR5qnsTkJjlUPIpEfPl9.jpg,Futuro filme da fase 6 do Universo Cinematográfico Marvel (UCM) que marcará o final da Saga do Multiverso. Informações da história ainda não reveladas.,Universo Marvel (MCU)
The New Avengers,Série,1976.0,https://image.tmdb.org/t/p/w500/bk1J1bvfBVbvchK3RFSpHO9eXcg.jpg,,Universo Marvel (MCU)
Os Vingadores: A Série,Série,1999.0,https://image.tmdb.org/t/p/w500/4bHsmuX3ZRHfvX70FB0jkwRdPrU.jpg,"Houve um tempo em que os maiores heróis do planeta possuiam uma equipe localizada em outra parte dos EUA. Na verdade, era um outro grupo de Vingadores que patrulhavam a Zona Oeste dos Estados Unidos.",Universo Marvel (MCU)
Os Supremos: O Filme,Filme,2006.0,https://image.tmdb.org/t/p/w500/xVjMCwfchUEP4GZzpGMNMVn1kfp.jpg,"O mundo está em crise. Antigos inimigos estão prestes a atacar. Um poderoso time é recrutado e o maior herói do planeta é chamado para liderar o time: Capitão América. Infelizmente, ele ficou congelado por mais de sessenta anos depois de um acidente durante a Segunda Guerra Mundial. Inspirada na HQ de sucesso da Marvel ""Os Supremos"", esta é a extraordinária história de seis heróis que terão de superar suas diferenças e lutar juntos para salvar o mundo. Mas eles não poderiam imaginar que a maior ameaça surgiria de dentro do próprio grupo: o Incrível Hulk!",Universo Marvel (MCU)
LEGO Marvel Vingadores: Missão Demolição,Filme,2024.0,https://image.tmdb.org/t/p/w500/nylT8v3H6Amnc7UakIp8ZhIAZXj.jpg,"Um jovem aspirante a herói e fã de superheróis liberta acidentalmente um poderoso novo vilão, que deseja livrar o mundo dos Vingadores.",Universo Marvel (MCU)
Marvel Disk Wars: The Avengers,Série,2014.0,https://image.tmdb.org/t/p/w500/6wQAZaWSvBJOIIt68cqmC0KJjeE.jpg,"A História gira em torno dos Vingadores: Homem de Ferro, Capitão América, Thor, Hulk e Vespa, juntos com a ajuda do Homem-Aranha e um grupo de jovens vão aproveitar suas respectivas habilidades de luta e poderes sobre-humanos para frustrar os esquemas de Loki para dominar o mundo.

No anime será mostrado que com a criação de um dispositivo chamado “Discos”, está sendo possível capturar vilões para dentro deste dispositivo. Porem após as maquinações de Loki, tanto heróis como vilões foram capturados dentro dos Discos e espalhados pelo mundo. No meio do caos, cinco jovens recebem o poder de restaurar os heróis com o programa “Biocode” e recebem do Homem-Aranha cinco discos que ele conseguiu recuperar. Agora os jovens podem restaurar Iron-Man, Capitão America, Thor, Hulk e Vespa.",Universo Marvel (MCU)
Vingadores do Passado,Filme,2015.0,https://image.tmdb.org/t/p/w500/b6eLRanmkrffTOSL0dHVaqlvtdr.jpg,"Quando Rumpelstiltskin destrói o espelho mágico e foge para o mundo moderno, as quatro princesas de ""Once Upon a Time"" -Cinderella, Bela Adormecida, Branca de Neve, Rapunzel e-são sugados através do portal também. Bem treinado e dotado de poderes mágicos, as quatro mulheres devem lutar Rumpelstiltskin e seu exército de escravos antes que ele escraviza todos na Terra.",Universo Marvel (MCU)
Bikini Avengers,Filme,2015.0,https://image.tmdb.org/t/p/w500/ehTYWuPKwl8sXPX0I6LnvJUDaVl.jpg,,Universo Marvel (MCU)
LEGO Marvel Vingadores: Código Vermelho,Filme,2023.0,https://image.tmdb.org/t/p/w500/bhs2CZWqoee3JFMvSZd1Vg7HLfL.jpg,"Os Vingadores se reúnem para comemorar sua última vitória, mas a comemoração é rapidamente interrompida pelo misterioso desaparecimento do pai da Viúva Negra, o Guardião Vermelho.  À medida que os Vingadores investigam, eles descobrem que o Guardião Vermelho não é o único desaparecido quando encontram um novo inimigo perigoso, muito diferente de tudo que já encontraram antes.",Universo Marvel (MCU)
Os Vingadores: Os Super-Heróis Mais Poderosos da Terra,Série,2010.0,https://image.tmdb.org/t/p/w500/iiYtIM23iBJoN79meqIUapdZKwX.jpg,"Os vilões mais poderosos do planeta escapam das prisões. Porém, nenhum dos super-heróis consegue detê-los sem ajuda, nem mesmo a S.H.I.E.L.D. Os Vingadores então se juntam para combater o mal, e descobrem que em grupo são mais fortes.",Universo Marvel (MCU)
LGBT Experience,Filme,2018.0,https://image.tmdb.org/t/p/w500/mz4ZiRfNaIcTcygNoFKMukamQIQ.jpg,,Cinema Sáfico & LGBT+
LGBT United,Filme,2015.0,https://image.tmdb.org/t/p/w500/pzMhIRvbkgKTZqrhX5w6Vf5qt24.jpg,,Cinema Sáfico & LGBT+
LGBT Terrorists,Filme,2023.0,https://image.tmdb.org/t/p/w500/qhIKfMvZOHXeBi0Z7WX8aAW8qOU.jpg,,Terror
The B in LGBT,Filme,2023.0,,,Cinema Sáfico & LGBT+
Preserving LGBT History,Filme,2016.0,https://image.tmdb.org/t/p/w500/c47EfCLchS4Nhq4o4IcZc1vy4Zo.jpg,,Cinema Sáfico & LGBT+
INTERVIEWING LGBT HIGH SCHOOLERS,Filme,2016.0,,,Cinema Sáfico & LGBT+
Save LGBT in Russia,Filme,2019.0,https://image.tmdb.org/t/p/w500/sSwjkUKqrqqGawGVPPVhtcuK1co.jpg,,Cinema Sáfico & LGBT+
PIPER - LGBT Short Film,Filme,,,,Cinema Sáfico & LGBT+
Poshida: Hidden LGBT Pakistan,Filme,2016.0,https://image.tmdb.org/t/p/w500/haS6TsLrATW0eJRzpQyWSADGo0U.jpg,,Cinema Sáfico & LGBT+
LGBT - A Legal Battle,Filme,2026.0,https://image.tmdb.org/t/p/w500/pwn2BbShh2Sy2Atwi31Xb6qSfrC.jpg,,Cinema Sáfico & LGBT+
LGBT Tu neesi viens,Filme,2020.0,https://image.tmdb.org/t/p/w500/957Gq5QsXbM4qKku0lf5aNnlfdp.jpg,,Cinema Sáfico & LGBT+
La purge LGBT : La sombre histoire,Filme,2023.0,https://image.tmdb.org/t/p/w500/1loaC84bZbs2W6vtwdbFQ45xcOp.jpg,,Cinema Sáfico & LGBT+
LGBT Seniors Tell Their Stories,Filme,2013.0,,,Cinema Sáfico & LGBT+
Brave Spaces: Perspectives on Faith and LGBT Justice,Filme,2015.0,https://image.tmdb.org/t/p/w500/zF1MxKyWKM4q742IOcBueJf0G5l.jpg,,Cinema Sáfico & LGBT+
Elder-care for LGBT,Filme,2019.0,https://image.tmdb.org/t/p/w500/pQSK5QezzHUfrKUgRI69VzUA3u7.jpg,,Cinema Sáfico & LGBT+
"LGBT LOVE, FREEDOM be Ourselves",Filme,2025.0,https://image.tmdb.org/t/p/w500/6cmvFFdbzkW7XFnGiGoJY2qQMTU.jpg,,Cinema Sáfico & LGBT+
See Me - LGBT Equality Alliance,Filme,,https://image.tmdb.org/t/p/w500/i30mVwX6o7g7f2rLpfwbTUpFufv.jpg,,Cinema Sáfico & LGBT+
When Generations Connect: LGBT Youth & Elders,Filme,2013.0,https://image.tmdb.org/t/p/w500/cAOhozsMKzcLZ82DyIc2QVMrArK.jpg,,Cinema Sáfico & LGBT+
LGBT: Lethal Gay Butcher of Terror,Filme,2023.0,https://image.tmdb.org/t/p/w500/wTTsyWt60oGZj22xFsHVbrcrYuA.jpg,,Terror
Folclore Sáfico,Filme,,https://image.tmdb.org/t/p/w500/7iUsOkgaEST7JAy17VbRe563Zd5.jpg,,Cinema Sáfico & LGBT+
A Sapatona Galáctica,Filme,2025.0,https://image.tmdb.org/t/p/w500/ubZ5K51GniC7pilzewIUIBeaDRs.jpg,"A introvertida Princesa Saira, filha das extravagantes rainhas lésbicas do planeta Clitópolis, fica devastada quando sua namorada, a caçadora de recompensas Kiki, de repente termina com ela por a achar muito carente. Quando Kiki é sequestrada pelos Maliens Brancos e Heterossexuais – incels esquecidos do futuro – Saira precisa deixar o conforto do espaço gay para entregar o resgate solicitado: seu Royal Labrys, a arma mais poderosa da comunidade lésbica. O único problema é... Saira não a tem! E conta apenas com 24 horas para tentar salvar Kiki.",Ficção Científica
Sydney Gay and Lesbian Mardi Gras,Série,1994.0,https://image.tmdb.org/t/p/w500/jSVpE1SFKdcfHtMloYVmN9dc0ge.jpg,,Cinema Sáfico & LGBT+
The Lesbian Homie,Série,2023.0,https://image.tmdb.org/t/p/w500/7k6IhdFIQekCi0QICiBKrXVJ2kt.jpg,,Blockbusters & Fura-Bolha
The Lesbian Bar Project,Série,2022.0,https://image.tmdb.org/t/p/w500/d0nwdcpyjtSs9cDisc5hoUBYvQJ.jpg,,Blockbusters & Fura-Bolha
Matadores de Vampiras Lésbicas,Filme,2009.0,https://image.tmdb.org/t/p/w500/1PrCRxFOs18EKxy2FrqN3tmubA4.jpg,"Com suas mulheres tendo sido escravizadas por um bando de vampiras lésbicas, os homens restantes de uma cidade rural mandam dois rapazes desafortunados para as charnecas como um sacrifício.",Cinema Sáfico & LGBT+
Lesbian Psycho,Filme,2024.0,https://image.tmdb.org/t/p/w500/bmn0fTzJM3tF1AKzO4B3jm3Grak.jpg,,Blockbusters & Fura-Bolha
Mães Lésbicas,Filme,1972.0,https://image.tmdb.org/t/p/w500/y8xfGXdJWKpID5Acl7kM2lorkcf.jpg,"Com entrevistas justapostas ao povo fala, as videastas investigam experiências de mulheres lésbicas com a maternidade, em confronto com opiniões do senso comum e de psicólogos, reveladoras da homofobia da sociedade.",Cinema Sáfico & LGBT+
Lesbian Simulator,Filme,2025.0,https://image.tmdb.org/t/p/w500/mIAq9RwgESKvujQiaGLGOFnWqET.jpg,,Blockbusters & Fura-Bolha
The Black Lesbian Handbook,Série,2015.0,,,Blockbusters & Fura-Bolha
Lesbian.,Filme,2020.0,https://image.tmdb.org/t/p/w500/iXk4BgsERaPOSE9bNlyMmqvTLt3.jpg,,Blockbusters & Fura-Bolha
Lesbian Argument,Filme,2017.0,,,Blockbusters & Fura-Bolha
Lesbian Whale,Filme,2015.0,https://image.tmdb.org/t/p/w500/97BbX6DUua8CDwdTKjoMzGZ2jKL.jpg,,Blockbusters & Fura-Bolha
Lesbian Custody,Filme,2025.0,https://image.tmdb.org/t/p/w500/971BPxFmNCfqxnSIg9X86F1bQ5G.jpg,,Blockbusters & Fura-Bolha
Lesbian Lines,Filme,2026.0,https://image.tmdb.org/t/p/w500/xq38ygWktbtPGYRJFbcL5nVJ9Wa.jpg,,Blockbusters & Fura-Bolha
Lesbian Miserables,Filme,2022.0,https://image.tmdb.org/t/p/w500/rjJFXI2zz8tsRxJQaEz2djvTgqd.jpg,,Blockbusters & Fura-Bolha
The Lesbian Guide to Straight Sex,Série,2019.0,https://image.tmdb.org/t/p/w500/hgOQI3wlm22WWuLq0Elsx3CNrly.jpg,,Blockbusters & Fura-Bolha
Lesbian Ditch Day,Filme,2026.0,https://image.tmdb.org/t/p/w500/2m6SIJjqrldWG9MynEgtoFDJS9h.jpg,,Blockbusters & Fura-Bolha
Homem-Aranha: A Série Animada,Série,1994.0,https://image.tmdb.org/t/p/w500/djtaj7BaymIoAwbNPGfnORUqwO9.jpg,"Após ser mordido por uma aranha radioativa, o jovem Peter Parker descobre que tem superpoderes de aranha. Esperando usar os recém-descobertos poderes para alcançar fama e fortuna, causa indiretamente a morte do seu tio Ben ao recusar ajudar um polícia a apanhar um criminoso. Recebendo uma lição de humildade pelo falhanço, resolve usar os seus talentos para lutar contra o crime e torna-se o super-herói Homem-Aranha. Enquanto luta contra supervilões, Peter tenta conciliar a vida pessoal, incluindo a namorada Mary Jane e o seu trabalho de fotógrafo no Clarim Diário.",Universo Marvel (MCU)
Homem-Aranha,Filme,2002.0,https://image.tmdb.org/t/p/w500/RbZQL5hXmydecu82UHw9ZGyytB.jpg,"Peter Parker é um jovem estudioso que vive com seus tios, Ben e May, desde que seus pais faleceram. Peter tem dificuldade em se relacionar com seus colegas, por ser tímido e por eles o considerarem um nerd. Até que, em uma demonstração científica, um acidente inesperado faz com que uma aranha modificada geneticamente pique Peter. A partir de então seu corpo é quimicamente alterado pela picada da aranha.",Universo Marvel (MCU)
Homem-Aranha: De Volta ao Lar,Filme,2017.0,https://image.tmdb.org/t/p/w500/1nkwRL17cAGO8A1yu3miRBdvOsl.jpg,"Depois de atuar ao lado dos Vingadores, chegou a hora de Peter Parker voltar para casa e para a sua vida, já não mais tão normal.",Universo Marvel (MCU)
Homem-Aranha: Sem Volta Para Casa,Filme,2021.0,https://image.tmdb.org/t/p/w500/xaKydnMw6wR1MBAjS5seGPVusbs.jpg,"Peter Parker é desmascarado e não consegue mais separar sua vida normal dos grandes riscos de ser um super-herói. Quando ele pede ajuda ao Doutor Estranho, os riscos se tornam ainda mais perigosos, e o forçam a descobrir o que realmente significa ser o Homem-Aranha...",Universo Marvel (MCU)
O Espetacular Homem-Aranha,Filme,2012.0,https://image.tmdb.org/t/p/w500/gxSsFBCFuDhVQMCuIDoZcmHOqlY.jpg,"Peter Parker está tentando saber mais sobre sua origem. Ele encontra uma pasta que pertenceu ao seu pai e quer descobrir por que seus pais desapareceram. Sua busca o leva a Oscorp e ao dr. Curt Connors, que tem como alterego o letal Lagarto.",Universo Marvel (MCU)
Homem-Aranha 3,Filme,2007.0,https://image.tmdb.org/t/p/w500/5831VrgpYNPEokBwxurLVpQ3twM.jpg,"O relacionamento entre Peter Parker e Mary Jane parece estar dando certo, mas outros problemas começam a surgir. A roupa de Homem-Aranha torna-se preta e acaba controlando Peter, que apesar de aumentar seus poderes, revela o lado obscuro de sua personalidade. Os vilões Venon e Homem-Areia tentam destruir o super-herói.",Universo Marvel (MCU)
Homem-Aranha: Através do Aranhaverso,Filme,2023.0,https://image.tmdb.org/t/p/w500/fBS6y0LYX4kU6pPSBYMdQy6SIHX.jpg,"Miles Morales retorna para o próximo capítulo da saga do Aranhaverso, uma aventura épica que transportará o Homem-Aranha em tempo integral e amigável do bairro do Brooklyn através do Multiverso para unir forças com Gwen Stacy e uma nova equipe de Homens-Aranha para enfrentar com um vilão mais poderoso do que qualquer coisa que eles já encontraram.",Universo Marvel (MCU)
Homem-Aranha: Longe de Casa,Filme,2019.0,https://image.tmdb.org/t/p/w500/tX0o4AdHpidgniTWwfzK0dNTKrc.jpg,"Peter Parker está em uma viagem de duas semanas pela Europa, ao lado de seus amigos de colégio, quando é surpreendido pela visita de Nick Fury. Convocado para mais uma missão heroica, ele precisa enfrentar vários vilões que surgem em cidades-símbolo do continente, como Londres, Paris e Veneza, e também a aparição do enigmático Mysterio.",Universo Marvel (MCU)
Spider-Man,Série,1978.0,https://image.tmdb.org/t/p/w500/jSQqKG77yfZUhhRr2El5mktLgIc.jpg,"Spider-Man (スパイダーマン Supaidāman) é uma live-action japonesa produzida pela Toei, baseado parcialmente no personagem da Marvel, Homem-Aranha. Ao todo, a série teve 41 episódios, exibidos no Tokyo Channel 12 entre 17 de maio de 1978 e 14 de março de 1979.",Universo Marvel (MCU)
Homem-Aranha: No Aranhaverso,Filme,2018.0,https://image.tmdb.org/t/p/w500/ybQSBSrINtjWsJQ6Ih8sva8HlEZ.jpg,"Miles Morales é um jovem negro do Brooklyn que se tornou o Homem-Aranha inspirado no legado de Peter Parker, já falecido. Entretanto, ao visitar o túmulo de seu ídolo em uma noite chuvosa, ele é surpreendido com a presença do próprio Peter, vestindo o traje do herói aracnídeo sob um sobretudo. A surpresa fica ainda maior quando Miles descobre que ele veio de uma dimensão paralela, assim como outras variações do Homem-Aranha.",Universo Marvel (MCU)
O Espetacular Homem-Aranha 2: A Ameaça de Electro,Filme,2014.0,https://image.tmdb.org/t/p/w500/cyMz4OfmNqpuQ02QQOQCbGxQjwK.jpg,"O jovem Peter Parker está fascinado com as habilidades que adquiriu como Homem-Aranha. Agora, ele precisa lidar com dois problemas: o retorno de um velho amigo, Harry Osborn, e a chegada de um vilão mais forte e poderoso, Electro.",Universo Marvel (MCU)
Homem-Aranha 2,Filme,2004.0,https://image.tmdb.org/t/p/w500/xB05Gyeo2w4RBwt7nZlPkjZzt9X.jpg,"Dois anos se passaram desde que o tranquilo Peter Parker separou-se do grande amor de sua vida, Mary Jane Watson, e decidiu assumir o compromisso e a responsabilidade de seguir sendo o Homem-Aranha. Peter enfrenta novos desafios enquanto aprende a lidar com ""seu dom e sua maldição"", tentando desesperadamente harmonizar suas duas identidades: A do super-herói aracnídeo, o Homem-Aranha, e a do estudante universitário.",Universo Marvel (MCU)
Seu Amigão da Vizinhança: Homem-Aranha,Série,2025.0,https://image.tmdb.org/t/p/w500/fEhEJowHEcWgqWknxwbdsiHyGty.jpg,"Uma série animada que segue Peter Parker em seu caminho para se tornar o Homem-Aranha no MCU, com uma jornada como nunca vimos e um estilo que celebra as raízes dos primeiros quadrinhos do personagem.",Universo Marvel (MCU)
Ultimate Homem-Aranha,Série,2012.0,https://image.tmdb.org/t/p/w500/aoZxQsP5qbWYM5ziXDK5bNpuhyi.jpg,"Peter Parker tornou-se Homem-Aranha há dois anos, e Nick Fury, diretor da S.H.I.E.L.D., oferece a Peter a chance de treinar e se tornar o ""Ultimate Homem-Aranha"", trabalhando ao lado de quatro colegas super-heróis adolescentes.",Universo Marvel (MCU)
Homem-Aranha: Ação Sem Limites ,Série,1999.0,https://image.tmdb.org/t/p/w500/rxandEoW2PKOKwWtOenAsZ5lClg.jpg,"O Coronel John Jameson viaja para a Contra-Terra, um mundo duplicado da Terra. Peter Parker descobre que Venom e Carnificina embarcaram secretamente no foguete. Após o lançamento, o público acredita que o Homem-Aranha sabotou a missão, e o Clarim Diário oferece uma recompensa por sua captura. Na Contra-Terra, o Aranha encontra o Alto Evolucionário, criador dos Bestiais — seres meio humanos, meio animais — que dominam o planeta. John se junta a uma rebelião humana contra eles, enquanto Venom e Carnificina formam uma colônia simbiótica chamada Sinótico. Cabe ao Homem-Aranha impedir o Sinótico e encerrar a guerra entre humanos e Bestiais.",Universo Marvel (MCU)
Thor,Filme,2011.0,https://image.tmdb.org/t/p/w500/aEV9QmgBqjRTdjsvdCgdK89tavQ.jpg,"Como filho de Odin, rei dos deuses nórdicos, Thor logo herdará o trono de Asgard de seu idoso pai. Porém, no dia de sua coroação, Thor reage com brutalidade quando os inimigos dos deuses entram no palácio violando o tratado. Como punição, Odin manda Thor para a Terra. Enquanto seu irmão Loki conspira em Asgard, Thor, agora sem seus poderes, enfrenta sua maior ameaça.",Universo Marvel (MCU)
Thor: Ragnarok,Filme,2017.0,https://image.tmdb.org/t/p/w500/2K45Fp6koAVoeeYS6aMb9BeNt4F.jpg,"Thor está preso do outro lado do universo. Ele precisa correr contra o tempo para voltar a Asgard e parar Ragnarok, a destruição de seu mundo, que está nas mãos da poderosa e implacável vilã Hela.",Universo Marvel (MCU)
Thor: Amor e Trovão,Filme,2022.0,https://image.tmdb.org/t/p/w500/8gdBMIYwPPxp3b9FjY9yCxme5Rs.jpg,"Thor parte em uma jornada de autodescoberta, diferente de tudo que ele já enfrentou. Mas seus esforços são interrompidos por um assassino galáctico conhecido como Gorr, o Carniceiro dos Deuses, que busca a extinção dos deuses. Para combater esta ameaça, Thor pede a ajuda da Rei Valquíria, Korg e da ex-namorada Jane Foster, que, para a surpresa de Thor, inexplicavelmente empunha seu mágico martelo, Mjolnir, como a Poderosa Thor. Juntos, eles embarcam em uma angustiante aventura cósmica para descobrir o mistério da vingança do Carniceiro dos Deuses e detê-lo antes que seja tarde demais.",Universo Marvel (MCU)
Thor: O Mundo Sombrio,Filme,2013.0,https://image.tmdb.org/t/p/w500/9qdqXIx2neypuT1kWKCTI2vsO4q.jpg,"Thor precisa contar com a ajuda de seus companheiros e até de seu traiçoeiro irmão Loki em um plano audacioso para salvar o universo. Entretanto, os caminhos de Thor se cruzam com Jane Foster e, dessa vez, a vida dela está realmente em perigo.",Universo Marvel (MCU)
Marvel One Shot: Equipe Thor: Primeira Parte,Filme,2016.0,https://image.tmdb.org/t/p/w500/rx2ZechQloDJIk3LUL7MCwl97Bm.jpg,Este pequeno documentário humorístico sugere o que Thor poderia estar fazendo enquanto o resto dos Vingadores estavam lutando entre si em Capitão América: Guerra Civil da Marvel.,Universo Marvel (MCU)
Thor: A Lenda de Valhalla,Filme,2011.0,https://image.tmdb.org/t/p/w500/wiGjq96N1oGpFLCnBLO7Tu65BcM.jpg,"Thor, um jovem ferreiro sonha com grandeza, honra e respeito. Diz a lenda que ele é filho de Ódin, o Rei dos Deuses, e todos acreditam que ele vive sob sua proteção. O que ninguém sabe é que Hel, a Rainha do Mundo Subterrâneo, está preparando um plano maléfico que põe em perigo os humanos e os deuses. Por acidente , ou talvez por obra do destino, a arma mais poderosa do mundo, o Martelo Esmagador, acaba nas mãos de Thor. Quando os gigantes arrasam a sua terra, capturando a melhor amiga de Thor, ele terá que aprender a usar a sua nova arma para ter alguma chance de vitória na batalha contra as forças do mal.",Universo Marvel (MCU)
Thor & Loki: Irmãos de Sangue,Série,2011.0,https://image.tmdb.org/t/p/w500/tvd33sRfEEf4fBlyqxTI62wY9qF.jpg,"Inspirado pela aclamada Graphic Novel de Robert Rodi e Esad Ribic. A Marvel Knights lança mais uma animação arrasadora. Thor e Loki, são irmãos na terra mítica de Asgard e aparentemente sempre inimigos. Mas por que Loki odeia tanto o seu irmão Thor? E será que o Mestre da Traição não é realmente o vilão rotulado? O desejo insaciável de Loki pelo poder e sua rixa com Thor adquirem um novo significado neste épico nórdico.",Universo Marvel (MCU)
Marvel One-Shot: Equipe Thor: Segunda Parte,Filme,2017.0,https://image.tmdb.org/t/p/w500/7FI0FZP7O0gP132gLQhH9J3EOQZ.jpg,Veja mais da parceria hilária entre Thor e seu colega de quarto Darryl.,Universo Marvel (MCU)
"Thor, o Conquistador",Filme,1983.0,https://image.tmdb.org/t/p/w500/uZUHoBmPCE4Px19SJqUQAQNXfGc.jpg,"Uma tentativa de se fazer em filme o sucesso do personagem Thor, O Deus do Trovão originalmente em história em quadrinhos. Ele vai em busca da espada mágica a qual tem muitos poderes e pertência ao seu pai. Nesta busca nosso herói se envolvera em muitas aventuras e perigos para atingir seu intento, e terá a ajuda de um bruxo da floresta. Thor é um guerreiro, criado por um homem pássaro, depois que seus pais caíram prisioneiros do tirano Gnutt. Quando seu tutor morre, Thor parte em busca da espada de seu pai e da semente dourada, enfrentando perigos desconhecidos e o terrível Gnutt. Esta é uma produção italiana.",Universo Marvel (MCU)
Hulk vs. Thor,Filme,2009.0,https://image.tmdb.org/t/p/w500/4NS7L9xtGEOsZA0gnqdQBI7QiXu.jpg,"No filme Hulk Vs. Thor, Em Asgard, reino dos deuses, Loki tenta uma maneira de derrotar seu meio-irmão Thor. Mas para superar Thor em um batalha, em todos os nove reinos, só uma criatura pôde se emparelhar com sua força, uma fera mortal de Midgard conhecida como O Incrível Hulk. Sem Odin por perto, já que o rei todo-poderoso dos deuses está em seu sono regenerativo. Loki está finalmente pronto para por em prática seu plano. Ima batalha épica entre deuses e monstros será travada e O Poderoso Thor terá seu mais mortal teste. Quem prevalecerá?",Universo Marvel (MCU)
Almighty Thor,Filme,2011.0,https://image.tmdb.org/t/p/w500/tU61BDSUdYIG33BO65vbCCqZYr7.jpg,,Universo Marvel (MCU)
I Am Thor,Filme,2015.0,https://image.tmdb.org/t/p/w500/t5FhxKfIbSvn4fiq7nCcGL8AA3O.jpg,,Universo Marvel (MCU)
Thor: Deus do Trovão,Filme,2022.0,https://image.tmdb.org/t/p/w500/urR3KZdTIIdB8OrdVxScRkuSRo9.jpg,"O tio vilão de Thor, Loki, escapou de Asgard para procurar Yggdrasil - A Árvore dos Nove Reinos. A árvore detém o poder do Universo e está escondida na Terra. Com a ajuda do deus lobo gigante Fenrir, Loki planeja destruir a árvore e replantá-la à sua imagem, dando-lhe domínio sobre tudo. Agora Thor deve seguir Loki para a Terra para travar uma batalha épica que manterá os dois mundos em equilíbrio.",Universo Marvel (MCU)
Thor: O Filho de Asgard,Filme,2011.0,https://image.tmdb.org/t/p/w500/hX7HXW3ylC24ytgXxVToLggwnfm.jpg,"Antes de Thor usar seu poderoso martelo, ele lidera uma missão para encontrar a mística Espada Perdida de Surtur. Junto com ele estão seu irmão Loki, feiticeiro promissor, e os lendários Três Guerreiros.",Universo Marvel (MCU)
THOR tv,Série,2016.0,,,Universo Marvel (MCU)
Thor: From Asgard to Earth,Filme,2011.0,https://image.tmdb.org/t/p/w500/gSg1FmnASwtzyvQFC9AfCJPbGuV.jpg,,Universo Marvel (MCU)
Nos Bastidores de Thor: Amor e Trovão,Filme,2022.0,https://image.tmdb.org/t/p/w500/zueDI0wfGz7AO0OFoKClMpJW1c3.jpg,"Junte-se a Taika Waititi, Chris Hemsworth, Natalie Portman, Christian Bale e Tessa Thompson, que compartilham os segredos por trás da criação de Thor: Amor e Trovão. Por meio de entrevistas detalhadas com o elenco e a equipe, além de imagens e filmagens inéditas do set e muito mais, Avante revela os bastidores do quarto filme do Deus do Trovão.",Universo Marvel (MCU)
